First set,Server,Opponent,Winner
"[4, -4, 5, -6, 4, -8, -8, -14, 12, -5]",Albot R.,Schwartzman D.,Schwartzman D.
"[-6, -10, 5, -6, 6, -5, 5, -4, 5, -6]",Federer R.,Albot R.,Federer R.
"[10, -6, -8, -5, 5, 5, 5, 6, 4]",Albot R.,Krajinovic F.,Albot R.
"[5, 5, -4, 4, 4, 5, -8, 5]",Lajovic D.,Albot R.,Albot R.
"[6, -5, 5, 6, -4, -4, 6, -10, -5, 4, 6, 5]",Bautista-Agut R.,Andujar-Alba P.,Bautista-Agut R.
"[4, -5, 4, -5, 10, -5, 6, -5, 8, -5, 24, -8, -5]",Andreozzi G.,Berrettini M.,Berrettini M.
"[8, 5, 8, 5, 4, 6]",Federer R.,Anderson K.,Federer R.
"[6, 4, -4, 5, -4, 6, -4, 5, -4, 5]",Nishikori K.,Anderson K.,Nishikori K.
"[-5, 5, 4, -4, 6, 4, -5, -14, 5, -4, -6, -8]",Fognini F.,Andreozzi G.,Fognini F.
"[-6, -5, -6, -4, -8, -4]",Garin C.,Anderson K.,Anderson K.
"[5, 12, 5, 6, 5, 14]",Anderson K.,Nishikori K.,Anderson K.
"[4, -8, 5, -5, 5, -6, 8, 6, 6]",Anderson K.,Basilashvili N.,Anderson K.
"[4, -10, 6, -5, -6, -8, -10, -8]",Aragone J.,Krajinovic F.,Krajinovic F.
"[5, -5, 6, -6, 5, -4, 4, -5, 5, -4, 4, -5, -8]",Auger-Aliassime F.,Eubanks C.,Eubanks C.
"[5, -4, 5, -5, 8, -10, 6, -6, 4, -5, 6, -4, 4]",Herbert P.,Auger-Aliassime F.,Herbert P.
"[6, -6, 4, -8, 4, -4, -6, -4, 8, -6]",Auger-Aliassime F.,Karatsev A.,Karatsev A.
"[6, -8, 6, 8, -5, -4, -5, -10, 5, -8]",Auger-Aliassime F.,Millman J.,Millman J.
"[8, -5, 5, 5, -8, -4, 6, -6, 10, -4, 6, -10, 5]",Tsitsipas S.,Auger-Aliassime F.,Tsitsipas S.
"[6, -5, 4, 8, 4, -10, 5, -8, 10]",Tsitsipas S.,Auger-Aliassime F.,Tsitsipas S.
"[10, -6, 5, -4, -5, -5, 4, -4, -6]",Auger-Aliassime F.,Zverev A.,Zverev A.
"[6, -6, 8, -8, 6, -8, 5, -6, 5, -4, 4, -8, 10]",Auger-Aliassime F.,Nishioka Y.,Nishioka Y.
"[10, -6, 8, -4, 5, -6, 4, -5, 8, -5, -5, 6, 6]",Auger-Aliassime F.,Basilashvili N.,Auger-Aliassime F.
"[5, -5, 8, -6, 4, -10, 5, -12, 5, 8]",Auger-Aliassime F.,Bedene A.,Auger-Aliassime F.
"[5, -5, 5, -6, 8, 5, -6, -5, 10, -20, 10, -4, 8]",Auger-Aliassime F.,Coric B.,Auger-Aliassime F.
"[6, -5, 4, -5, 5, -4, 6, -5, 4, -6, 5, -4, 5]",Auger-Aliassime F.,Lorenzi P.,Auger-Aliassime F.
"[6, 6, 4, -4, 6, -6, 8, -5, 4]",Auger-Aliassime F.,Norrie C.,Auger-Aliassime F.
"[5, -8, 4, 5, 4, -4, 5, -14, 5]",Auger-Aliassime F.,Ramos A.,Auger-Aliassime F.
"[6, 6, -6, -12, 8, -5, 5, -12, 4, -6, 4, -4, -6]",Auger-Aliassime F.,Dzumhur D.,Auger-Aliassime F.
"[5, -4, 6, -5, 4, -5, 4, -4, 14, 6]",Auger-Aliassime F.,Fucsovics M.,Auger-Aliassime F.
"[-5, -4, 6, 5, -6, -5, -4, -6]",Pospisil V.,Auger-Aliassime F.,Auger-Aliassime F.
"[5, -6, -8, 8, -6, 5, 8, 6, 14]",Ruud C.,Auger-Aliassime F.,Auger-Aliassime F.
"[6, -6, 6, 5, 10, -8, 4, -4, 8]",Auger-Aliassime F.,Struff J-L.,Auger-Aliassime F.
"[4, 8, 8, -6, -8, -5, -6, -5, 5, -8]",Auger-Aliassime F.,Vanni L.,Auger-Aliassime F.
"[6, 6, 5, 4, -4, 4, -5, 4]",Krajinovic F.,Barrere G.,Krajinovic F.
"[5, 5, 10, 5, -8, 4, -8, 6]",Struff J-L.,Barrere G.,Struff J-L.
"[6, 6, 5, 6, -4, -8, 10, 5]",Goffin D.,Barrere G.,Goffin D.
"[-6, -4, 6, -4, -5, -4, 4, -5]",Hurkacz H.,Barrere G.,Barrere G.
"[4, 5, 6, 6, 8, -8, -6, -6, 6]",Albot R.,Basilashvili N.,Albot R.
"[4, -6, 8, -5, 5, -6, 4, -4, 10, -6, 5, -8, 6]",Basilashvili N.,Brands D.,Brands D.
"[4, 5, -5, 6, -6, 5, 10, 4]",Rublev A.,Basilashvili N.,Rublev A.
"[5, -8, 8, 10, -10, -4, 5, 6, 4]",Thiem D.,Basilashvili N.,Thiem D.
"[8, -5, -8, 5, -4, 5, -4, 12, -10, 5, 5, 4]",Zverev A.,Basilashvili N.,Zverev A.
"[5, -10, -5, 5, 4, -5, 5, -4, -5, 5, -12, -5]",Basilashvili N.,Zverev M.,Zverev M.
"[5, -6, -5, -5, 10, -8, 4, -10, 6, -5]",Anderson K.,Basilashvili N.,Anderson K.
"[4, -10, -8, -4, 6, -10, 10, -6, 8, -10]",Tsitsipas S.,Basilashvili N.,Tsitsipas S.
"[6, -5, 5, -6, 5, -5, 10, -4, -6, -5]",Verdasco F.,Basilashvili N.,Verdasco F.
"[8, -4, -10, 4, 4, -4, 16, -5, -4, 6, -12, -5]",Basilashvili N.,Zverev A.,Zverev A.
"[-5, -12, 6, -6, 5, -5, 4, -8, 5, -5]",Verdasco F.,Basilashvili N.,Verdasco F.
"[-6, -6, 6, -8, 4, 16, 6, -6, 14, -6, 4, -5, -5]",Haase R.,Basilashvili N.,Basilashvili N.
"[8, -6, -8, -6, -6, -4, 8, -5]",Jaziri M.,Basilashvili N.,Basilashvili N.
"[8, -4, 10, -10, 6, -5, 8, -4, 4, 10]",Basilashvili N.,Khachanov K.,Basilashvili N.
"[8, -6, 4, -5, -12, -5, 6, -5, 5, -5]",Pella G.,Basilashvili N.,Basilashvili N.
"[8, -5, 6, 6, -8, 10, 5, -5, 12]",Basilashvili N.,Zverev M.,Basilashvili N.
"[6, 14, -6, 6, -8, 4, -4, 6, -8, 5]",Albot R.,Basilashvili N.,Basilashvili N.
"[4, -6, 4, -4, 4, 6, -4, -6, -6, 5, -12, -12]",Basilashvili N.,Berankis R.,Basilashvili N.
"[12, -8, 5, -8, 10, -6, 8, -5, -5, -8]",Cuevas P.,Basilashvili N.,Basilashvili N.
"[5, -6, -5, -8, 4, -6, 6, -6, -8]",Basilashvili N.,Lajovic D.,Basilashvili N.
"[6, -10, 5, -5, 10, -4, -4, -5, 6, -8]",Paire B.,Basilashvili N.,Basilashvili N.
"[6, -5, 6, -5, -14, -10, -5, -4]",Basilashvili N.,Struff J-L.,Basilashvili N.
"[12, 4, 6, -5, 10, -4, 8, -6, -6, -10, 8, -6, -10]",Basilashvili N.,Kwon S.,Basilashvili N.
"[3, 6, -4, 4, 5, 5, 6, -6, 4]",Berrettini M.,Bautista-Agut R.,Berrettini M.
"[8, -5, -6, -4, 6, -5, 6, -4, 5, 8, 6, -6, -4]",Bautista-Agut R.,Berrettini M.,Berrettini M.
"[8, -8, 8, -5, 4, -8, 4, -5, 6, -10, 4, -4, 5]",De Minaur A.,Bautista-Agut R.,De Minaur A.
"[5, -4, 4, -5, 5, -6, 6, -5, 6, -5, 6, -4, 5]",Dimitrov G.,Bautista-Agut R.,Dimitrov G.
"[5, -5, 6, -10, 5, -4, 4, -4, 8, -5, 8, -4, 5]",Isner J.,Bautista-Agut R.,Isner J.
"[5, -5, -4, -6, 5, 8, -6, 8, 8, -10, 4, -5, 6]",Struff J-L.,Bautista-Agut R.,Struff J-L.
"[5, -6, -8, -4, 6, -10, 4, -16, 8, -6]",Bautista-Agut R.,Zverev M.,Zverev M.
"[5, -4, 6, -5, 14, -5, 4, -6, 5, -10, 5, -6, -5]",Basilashvili N.,Bautista-Agut R.,Basilashvili N.
"[5, -6, 4, -6, 10, -6, -6, -4, 4, -8]",Berrettini M.,Bautista-Agut R.,Berrettini M.
"[6, -14, 5, -5, 8, -6, -8, -6, 5, -10]",Bautista-Agut R.,Carreno-Busta P.,Carreno-Busta P.
"[6, -5, 6, -5, 5, -5, 4, -6, 5, -5, 4, -5, -6]",Bautista-Agut R.,Gasquet R.,Gasquet R.
"[-8, -4, 6, -8, 4, -4, 6, 6, 8, -6, 4, 6]",Tsitsipas S.,Bautista-Agut R.,Tsitsipas S.
"[6, 8, 5, -5, 5, -5, 5, -5, -5, 4]",Bautista-Agut R.,Fognini F.,Bautista-Agut R.
"[5, 5, -4, 5, -4, -8, -4, 5, -5, 6, -6, -6]",Gasquet R.,Bautista-Agut R.,Bautista-Agut R.
"[4, 22, 5, 8, 5, 12]",Bautista-Agut R.,Metreveli A.,Bautista-Agut R.
"[8, -4, 6, -4, -10, -6, 5, -4, 8, -5]",Opelka R.,Bautista-Agut R.,Bautista-Agut R.
"[12, -4, 10, -6, -5, -6, 4, -6, 4, -12]",Ramanathan R.,Bautista-Agut R.,Bautista-Agut R.
"[-6, -4, 5, -4, -6, -5, -6]",Roncadelli F.,Bautista-Agut R.,Bautista-Agut R.
"[4, 6, 6, -6, -5, 10, 8, 5]",Bautista-Agut R.,Schwartzman D.,Bautista-Agut R.
"[5, -5, 6, -6, -6, -6, -5, -6]",Soeda G.,Bautista-Agut R.,Bautista-Agut R.
"[5, -14, 5, -10, -6, 8, 4, -8, 6, -8, 4, -6, 10]",Bautista-Agut R.,Tipsarevic J.,Bautista-Agut R.
"[6, -5, 6, -5, 6, 8, 4, -10, 5]",Bautista-Agut R.,Tomic B.,Bautista-Agut R.
"[5, -8, 5, -8, 5, -6, -6, -5, 10, -5]",Berdych T.,Bautista-Agut R.,Bautista-Agut R.
"[5, 8, 6, -6, -10, -4, 10, 10, 6]",Ebden M.,Bautista-Agut R.,Bautista-Agut R.
"[5, -6, -6, 4, 5, -5, -8, 5, 6, 8]",Fucsovics M.,Bautista-Agut R.,Bautista-Agut R.
"[5, -5, -10, 6, -6, 6, 8, -8, 4, -5, 6, -4, -10]",Bautista-Agut R.,Lajovic D.,Bautista-Agut R.
"[5, -5, 6, -6, 4, -4, 6, -5, 5, 4]",Bautista-Agut R.,Khachanov K.,Bautista-Agut R.
"[5, -10, 5, -5, 6, -6, -6, -4, -6]",Millman J.,Bautista-Agut R.,Bautista-Agut R.
"[6, -4, 4, -5, 6, -6, 5, -8, -6, -4]",Murray A.,Bautista-Agut R.,Bautista-Agut R.
"[-5, -6, 5, -10, 12, 5, 5, -6, 5, -6, 5, 4]",Monfils G.,Bedene A.,Monfils G.
"[5, 4, 5, 6, 4, 4]",Raonic M.,Bedene A.,Raonic M.
"[8, -5, -6, -5, 6, -6, -5, -6]",Paire B.,Bedene A.,Bedene A.
"[5, -12, 4, -5, 4, -4, 4, -18, 6, -6, -4, -4]",Tsitsipas S.,Bedene A.,Bedene A.
"[10, 6, -8, 5, -4, 4, -5, 5, -6, 8]",Khachanov K.,Bedene A.,Bedene A.
"[5, -4, 4, -5, 4, -6, 6, -6, -6, -4]",Bedene A.,Paire B.,Bedene A.
"[6, -6, 6, -5, 6, -5, 14, -5, -8, -8]",Bedene A.,Paire B.,Bedene A.
"[4, -6, 6, -5, 6, -4, 5, -8, 4, -6, 12, -5, 4]",Gerasimov E.,Berrettini M.,Gerasimov E.
"[12, -5, 5, -6, 5, -5, 8, -5, 5, 4]",Hurkacz H.,Berrettini M.,Hurkacz H.
"[6, 5, -8, 8, -4, 10, -10, 4, -6, -4, -5, 8, 8]",Khachanov K.,Berrettini M.,Khachanov K.
"[-5, -6, 6, 6, 6, -8, 10, 4, 6]",Krajinovic F.,Berankis R.,Krajinovic F.
"[4, -4, 5, -6, 4, -5, 4, -4, 5, -5, -10, 8, -8]",Berrettini M.,Londero J. I.,Londero J. I.
"[5, -6, 4, -12, 5, -4, 6, -8, 6, 6]",Rublev A.,Berrettini M.,Rublev A.
"[8, 6, 4, -4, 6, -4, 8, -6, 8]",Rublev A.,Berrettini M.,Rublev A.
"[18, -6, 5, -6, 6, -4, 4, -4, 6, 8]",Shapovalov D.,Berankis R.,Shapovalov D.
"[5, -8, 4, 6, 5, -6, 4, -5, 4]",Zverev A.,Berrettini M.,Zverev A.
"[4, -4, 4, 5, 5, 6, 4]",Federer R.,Berrettini M.,Federer R.
"[5, -14, 5, -6, 4, -5, 6, -10, 6, -10, 4, -4, 10]",Nadal R.,Berrettini M.,Nadal R.
"[5, -8, 5, -5, 5, -4, 8, -6, 10, -10, -6, -5]",Fucsovics M.,Berrettini M.,Fucsovics M.
"[4, 4, 4, -8, 6, -5, 4, 5]",Berrettini M.,Kudla D.,Kudla D.
"[-6, -4, 5, 5, 14, -10, 4, -5, 4, -5, 4, -8, 8]",Lajovic D.,Berankis R.,Lajovic D.
"[-10, -8, -6, 8, 8, 4, 8, -8, 6, -4, 8, -4, 4]",Querrey S.,Berrettini M.,Querrey S.
"[6, -4, 4, -6, 5, -5, 8, -4, -16, -6]",Berankis R.,Rublev A.,Rublev A.
"[4, -5, 10, -5, 5, -6, 5, -4, 10, -12, 8, -4, -5]",Berrettini M.,Shapovalov D.,Shapovalov D.
"[5, -5, 5, -6, 5, -4, -8, -14, 5, -10]",Bautista-Agut R.,Berrettini M.,Berrettini M.
"[6, 8, 4, 8, 4, -8, 4]",Berrettini M.,Carballes Baena R.,Berrettini M.
"[5, -12, 6, -5, -10, -5, 8, 6, 20, -10, 5, -6, -6]",Novak D.,Berrettini M.,Berrettini M.
"[5, -4, 5, -5, 6, -4, 5, -5, 8, -5, 6, -6, -4]",Dimitrov G.,Berrettini M.,Berrettini M.
"[-8, -12, 5, -4, 6, -5, -6, 5, -10]",Gojowczyk P.,Berrettini M.,Berrettini M.
"[-6, -5, -5, -5, 5, -10, -5]",Kovalik J.,Berrettini M.,Berrettini M.
"[6, -10, 6, -4, 5, -5, 8, -6, 10, -6, -6, -6]",Rublev A.,Berrettini M.,Berrettini M.
"[5, -5, 12, -6, 6, -5, 5, -5, -6, -5]",Sonego L.,Berrettini M.,Berrettini M.
"[6, -5, 5, -5, 4, -5, 8, -4, 5, -5, 5, -4, -4]",Berrettini M.,Thiem D.,Berrettini M.
"[4, -8, 6, 8, 5, -5, 4, -5, 8]",Edmund K.,Berrettini M.,Berrettini M.
"[4, -5, 6, -5, 5, -6, 12, -5, 5, -6, 12, -6, 6]",Berdych T.,Krajinovic F.,Berdych T.
"[4, -10, 4, -4, 6, 5, 5, -5, -6, 8]",Verdasco F.,Berrettini M.,Berrettini M.
"[6, -4, 4, -5, 5, -4, 8, -4, 5, -10, 4, -4, -5]",Sandgren T.,Berrettini M.,Sandgren T.
"[5, 8, 4, -5, 6, 6, 6]",Berrettini M.,Baghdatis M.,Berrettini M.
"[4, 8, 4, -8, 8, -5, 8, -4, 6]",Berrettini M.,Harris A.,Berrettini M.
"[6, -10, 5, 5, 8, -4, 16, -4, 6]",Bedene A.,Berrettini M.,Berrettini M.
"[6, -5, 6, -5, 10, -10, 14, -8, 6, 6]",Berrettini M.,Gasquet R.,Berrettini M.
"[5, -8, 6, -4, 8, -4, -5, -6, 8, -6]",Popyrin Al.,Berrettini M.,Berrettini M.
"[4, -5, 5, -10, 6, -5, 18, -6, 6, -6, -6, -5]",Berdych T.,Schwartzman D.,Berdych T.
"[6, -5, 4, -5, 5, 8, 6, -5, -6, -5, -14, -5]",Thompson J.,Berrettini M.,Berrettini M.
"[6, -4, 4, -10, 6, 10, 4, -6, 5]",Monfils G.,Berrettini M.,Berrettini M.
"[4, -6, 5, -6, 4, -5, 5, -6, 6, -6, -10, 5, 6]",Schwartzman D.,Berrettini M.,Berrettini M.
"[5, -4, 5, -6, 6, -4, -5, -4, -10]",Bolt A.,Auger-Aliassime F.,Auger-Aliassime F.
"[5, -5, 6, -8, 6, 8, 5, -6, 4]",Auger-Aliassime F.,Bolt A.,Auger-Aliassime F.
"[10, 5, -4, 4, -6, 10, 5, 5]",Thiem D.,Bolt A.,Thiem D.
"[6, 10, 4, -6, 6, -5, 4, -10, 5]",Brooksby J.,Basilashvili N.,Basilashvili N.
"[6, -4, 8, -4, 6, -5, 4, -5, -5, 5, -6, -4]",Bublik A.,Evans D.,Evans D.
"[8, -5, 8, -5, 6, -6, -12, -8, -14]",Bublik A.,Goffin D.,Goffin D.
"[8, -6, 8, -5, 5, -6, 6, -4, 5, -5, -6, -5]",Bublik A.,Rublev A.,Rublev A.
"[6, -5, 5, -6, 5, 5, 5, -4, -8, -5, 4, 6]",Tsitsipas S.,Bublik A.,Tsitsipas S.
"[5, -4, 4, -6, 4, -10, 10, -5, 8, -6, 4, -8, 10]",Tsitsipas S.,Bublik A.,Tsitsipas S.
"[10, 6, 5, -5, 10, 6, 10]",Rublev A.,Bublik A.,Rublev A.
"[4, 6, 5, -8, -6, -10, 4, -6, 6, -6, 5, 8]",Dimitrov G.,Bublik A.,Bublik A.
"[10, -6, 5, -5, 8, -6, 4, -5, 8, -6, 5, 6]",Bublik A.,Shapovalov D.,Bublik A.
"[4, -5, 4, -5, 4, -4, 4, -5, 10, -5, 8, -6, 5]",Auger-Aliassime F.,Carreno-Busta P.,Auger-Aliassime F.
"[5, -6, 8, -6, 8, -4, -6, -5, 8, -4]",Carreno-Busta P.,Bedene A.,Bedene A.
"[6, -4, 10, -4, -10, -4, 6, -5, -6]",Carreno-Busta P.,Harris G.,Harris G.
"[6, -4, 8, -6, 10, -4, 6, -8, 14, -10, 6, -4, -4]",Carreno-Busta P.,Thiem D.,Thiem D.
"[6, 5, 4, -10, -6, -8, 6, -4, 5, -10, 5, -14, 4]",Tsitsipas S.,Carreno-Busta P.,Tsitsipas S.
"[8, -8, 5, -4, 5, -5, 8, -16, 6, -5, 6, -10, -8]",Carreno-Busta P.,Goffin D.,Goffin D.
"[4, -8, 12, -5, 5, -8, 6, -6, 4, -6, 10, -22, 4]",Struff J-L.,Carreno-Busta P.,Struff J-L.
"[6, 6, 6, -4, 4, -14, 5, -14, 4]",Carreno-Busta P.,Albot R.,Carreno-Busta P.
"[8, 6, 10, -6, 5, -10, 5, -8, 5]",Carreno-Busta P.,Chardy J.,Carreno-Busta P.
"[5, -5, 5, -5, -5, -6, -5, -12]",Copil M.,Carreno-Busta P.,Carreno-Busta P.
"[6, -5, 8, -4, 5, -6, 4, -4, 5, -5, -6, -10]",Garin C.,Carreno-Busta P.,Carreno-Busta P.
"[6, 5, 6, -6, 14, -5, 4, -6, 5]",Carreno-Busta P.,Koepfer D.,Carreno-Busta P.
"[6, -6, 6, -6, 6, 5, 4, -4, 12]",Carreno-Busta P.,Mager G.,Carreno-Busta P.
"[6, -8, 10, -8, 4, -5, 10, -5, -10, -12]",Millman J.,Carreno-Busta P.,Carreno-Busta P.
"[5, 8, 4, -6, 4, -5, 6, -4, 6]",Carreno-Busta P.,Shapovalov D.,Carreno-Busta P.
"[4, -6, -4, -10, 5, 6, 4, -6, 6, -5, -6, -6]",Simon G.,Carreno-Busta P.,Carreno-Busta P.
"[4, 12, 6, -6, 5, -5, -5, -8, 4, -6, 10, -5, -5]",Sonego L.,Carreno-Busta P.,Carreno-Busta P.
"[5, -8, -6, -6, 4, 6, 4, -6, 4, -4, 8, -12, 4]",Carreno-Busta P.,Wu D.,Carreno-Busta P.
"[6, -5, 6, -6, 5, -8, 5, 6, 8]",Carreno-Busta P.,Andujar-Alba P.,Carreno-Busta P.
"[8, -4, 6, -4, 5, -6, 5, -5, 4, -8, 4, -4, -12]",Carreno-Busta P.,Bublik A.,Carreno-Busta P.
"[5, -4, -6, -5, 5, -6, 6, -5, -5]",Copil M.,Carreno-Busta P.,Carreno-Busta P.
"[6, -6, 5, -4, 4, -6, -10, -4, 8, -4]",Isner J.,Carreno-Busta P.,Carreno-Busta P.
"[6, -5, 4, -4, 5, -4, -4, -6, 4, 6, 4, -4, -5]",Carreno-Busta P.,Kukushkin M.,Carreno-Busta P.
"[6, 8, -12, -8, -4, 6, -4, 5, 5, 8]",Querrey S.,Carreno-Busta P.,Carreno-Busta P.
"[4, -5, 10, -6, 6, -10, 8, -5, 5, -4, -5, -6]",Sinner J.,Carreno-Busta P.,Carreno-Busta P.
"[5, -12, 4, -6, -10, -4, 6, -4, -8]",Wolf J.,Carreno-Busta P.,Carreno-Busta P.
"[8, -4, -12, 6, -5, 14, 14, -5, 8, -4, 6, -5, -10]",Carreno-Busta P.,Nishikori K.,Nishikori K.
"[18, 6, -4, 8, -6, 6, -8, -6, -4, -5]",Berankis R.,Carreno-Busta P.,Carreno-Busta P.
"[5, -4, 4, -6, -8, -6, -8, -6]",Cecchinato M.,Paire B.,Paire B.
"[5, -8, 6, -5, 6, 6, -5, -6, -16, -5]",Cecchinato M.,Zverev A.,Zverev A.
"[10, -6, 4, -5, 6, -12, 6, 16, 5]",Cecchinato M.,Schwartzman D.,Schwartzman D.
"[5, -8, 8, -6, 5, -5, 5, -6, 6, -12, 6, -5, -14]",Chardy J.,Berrettini M.,Berrettini M.
"[8, -4, 5, -6, -5, -5, -5, -8]",Chardy J.,Nishikori K.,Nishikori K.
"[4, 8, 6, -4, -4, -6, 4, -4, 4, -6, 6, -5, -5]",Garin C.,Chardy J.,Garin C.
"[5, -5, 4, -4, 8, -6, -6, -5, 6, -4]",Chung H.,Rublev A.,Rublev A.
"[4, -8, 6, -6, 5, 6, 6, -5, 6]",Nadal R.,Chung H.,Nadal R.
"[5, -8, 16, 8, 12, -4, -10, -6, -5, -4]",Basilashvili N.,Chung H.,Basilashvili N.
"[-8, -6, 4, -6, 6, -8, 4, -4, 5, -14]",Raonic M.,Chung H.,Chung H.
"[6, -5, 5, -12, -6, -4, 4, -6, 4, -6]",Cilic M.,Medvedev D.,Medvedev D.
"[4, -4, 4, -6, 6, -6, 10, -6, 6, -5, 6, -4, -4]",Thiem D.,Cilic M.,Thiem D.
"[14, 6, 8, -6, 6, -6, 5, 12]",Cilic M.,Paire B.,Paire B.
"[5, -5, -8, -4, 6, -6, 6, -6, 4, -14]",Cilic M.,Shapovalov D.,Shapovalov D.
"[5, -4, 5, 5, -5, 5, 6, -5, 5]",Nadal R.,Cilic M.,Nadal R.
"[-8, -6, 5, -6, -10, 4, 5, -8, -4]",Auger-Aliassime F.,Cilic M.,Cilic M.
"[10, 8, -10, -5, 5, -6, 6, -6, 5, -8, 4, -10, 5]",Cilic M.,Dimitrov G.,Cilic M.
"[12, -4, 5, -6, 4, -5, 8, -10, 5, -5, 4, -5, 12]",Cilic M.,Hurkacz H.,Cilic M.
"[5, -4, 5, -4, 5, -5, 8, -5, -6, 5, 6, -5, 4]",Cilic M.,Bautista-Agut R.,Bautista-Agut R.
"[5, -8, 4, 5, 5, -4, 5, 6]",Cilic M.,Nishikori K.,Nishikori K.
"[6, -6, 8, -5, 5, -4, 6, -5, 8, -5, 5, -10, -8]",Cilic M.,Bautista-Agut R.,Cilic M.
"[5, -6, 4, 8, 6, 6, 5]",Bautista-Agut R.,Coppejans K.,Bautista-Agut R.
"[4, -6, -4, -6, 20, -6, 12, -5, 5, -6]",Copil M.,Bautista-Agut R.,Bautista-Agut R.
"[6, -5, -14, 5, -6, 5, 5, 6, 12]",Schwartzman D.,Copil M.,Schwartzman D.
"[5, 6, 5, -4, 5, -5, 10, -4, -8, 8]",Copil M.,Schwartzman D.,Copil M.
"[4, -4, 4, -4, 4, 4, 6, -8, 4]",Wawrinka S.,Copil M.,Copil M.
"[5, -6, 4, -4, 4, 10, 8, -4, 4]",Djokovic N.,Coric B.,Djokovic N.
"[6, 4, -4, 8, -8, 4, -4, -6, -12, 8, -8, 5, 5]",Dzumhur D.,Coric B.,Dzumhur D.
"[6, -6, -8, -8, -5, -5, 8, -6]",Coric B.,Federer R.,Federer R.
"[4, -6, 5, -6, 5, 10, 6, 6]",Hurkacz H.,Coric B.,Hurkacz H.
"[6, -10, 6, -5, 4, -8, 6, -5, 6, 4]",Karlovic I.,Coric B.,Karlovic I.
"[6, 5, 8, 5, -8, 6, -5, 4]",Mannarino A.,Coric B.,Mannarino A.
"[8, 6, 8, 4, -5, 4, -8, 4]",Schwartzman D.,Coric B.,Schwartzman D.
"[5, -8, 6, -5, 5, 6, 5, -10, 4]",Verdasco F.,Coric B.,Verdasco F.
"[4, -10, 4, -8, 6, -5, 6, -5, 4, -5, 8, -4, -5]",Thiem D.,Coric B.,Thiem D.
"[-8, -6, 6, -4, 6, -4, 4, -10, 8, -4, 4]",Coric B.,Verdasco F.,Verdasco F.
"[-12, -5, -6, -4, 4, -6, 4, 6, -6]",Verdasco F.,Coric B.,Verdasco F.
"[-8, -4, 5, 10, 6, -5, 4, -6, 4, -6, 5, -4, -10]",Pouille L.,Coric B.,Pouille L.
"[6, 6, -5, -4, 5, -5, 8, -6, 5, -6, -6, -5]",Ebden M.,Coric B.,Coric B.
"[6, -6, 6, -5, 4, -4, 10, -4, -6, -6]",Medvedev D.,Coric B.,Coric B.
"[5, -8, -12, -6, 6, -5, 5, -6, 6, -5]",Coric B.,Basilashvili N.,Coric B.
"[6, 6, 4, 6, 8, -10, 6]",Berdych T.,Coric B.,Coric B.
"[6, -10, -4, -6, 4, 6, 6, -8, 10, -8, 6, -4, 12]",Coric B.,Carballes Baena R.,Coric B.
"[-10, -5, 6, -5, 10, -5, 4, 8, 6, -4, 6, -4, 6]",Chardy J.,Coric B.,Coric B.
"[6, 5, -5, 5, 5, 6, -5, 4]",Gojowczyk P.,Coric B.,Coric B.
"[5, -14, 5, -4, 4, -5, 4, -12, 4, -14, 4, 10]",Coric B.,Kirkin E.,Coric B.
"[5, -6, 4, 6, -6, -6, 6, -6, -5, -6]",Coric B.,Kyrgios N.,Coric B.
"[4, -5, 8, -5, 5, -5, 6, -14, 4, 10]",Pouille L.,Coric B.,Coric B.
"[6, -8, -4, -5, 5, -6, 6, -5, 8, 8, 5, -5, -6]",Coric B.,Ramos A.,Coric B.
"[16, -5, 6, 6, 5, -6, 6, -6, 12]",Sousa J.,Coric B.,Coric B.
"[6, -4, 6, -6, 12, -4, 6, -4, 6, -5, -6, -6]",Vesely J.,Coric B.,Coric B.
"[8, -5, 8, 6, 5, 8, 6]",Coric B.,Darcis S.,Coric B.
"[5, -4, 8, -5, 6, -5, 4, -4, 6, -4, 5, -6, -5]",Donskoy E.,Coric B.,Coric B.
"[5, -10, 6, -6, -6, 5, 5, -5, 4, 8]",Coric B.,Fucsovics M.,Coric B.
"[4, -10, -4, -6, -5, -10, 10, -4]",Coric B.,Krajinovic F.,Coric B.
"[6, 10, 8, -6, -6, -8, -12, -5, 8, -6]",Couacaud E.,Krajinovic F.,Krajinovic F.
"[8, -5, 5, -5, 4, -6, 4, -8, 4, 6]",Garin C.,Cuevas P.,Garin C.
"[6, 16, -6, 6, 5, 6, 4]",Garin C.,Cuevas P.,Garin C.
"[5, -6, 5, 6, 10, -6, 4, -4, 4]",Wawrinka S.,Cuevas P.,Wawrinka S.
"[-8, -6, 12, 6, 5, -6, 6, -4, -5, -8]",Lajovic D.,Cuevas P.,Cuevas P.
"[6, -5, 4, -8, -14, 4, 10, 10, -6, -5, 6, -6, -4]",Daniel T.,Lajovic D.,Lajovic D.
"[5, -4, -8, -6, 5, -5, 5, -5, 4, -4]",Coric B.,Daniel T.,Daniel T.
"[4, 4, -5, -6, 8, -4, 4, -5, 8, -8, 6, 6]",Lajovic D.,Darcis S.,Lajovic D.
"[5, 6, 8, -8, 10, 4, -14, -6, 5]",Medvedev D.,Dellien H.,Medvedev D.
"[12, 5, -5, 6, -5, 10, -5, 4, -5, 5]",Evans D.,De Minaur A.,Evans D.
"[6, -5, 6, -8, 6, -4, 5, -5, 4, -5, 5, -8, 5]",Isner J.,De Minaur A.,Isner J.
"[4, 6, 5, -6, 4, -8, 5, -6, 5]",Tsitsipas S.,De Minaur A.,Tsitsipas S.
"[5, -5, 5, -5, -14, -6, 4, -4, 4, -5]",De Minaur A.,Zverev A.,Zverev A.
"[5, -16, 12, 5, 5, 6, 5]",Nadal R.,De Minaur A.,Nadal R.
"[7, -7, 5, -4, 6, 4]",Sinner J.,De Minaur A.,Sinner J.
"[5, 6, 5, -6, 5, 6, 4]",De Minaur A.,Giron M.,Giron M.
"[4, -5, 10, 6, 5, -5, 6, -6, 5]",Harris G.,De Minaur A.,Harris G.
"[5, -4, 10, 8, -5, -8, 6, 8, 6]",De Minaur A.,Kecmanovic M.,Kecmanovic M.
"[-5, -8, 6, -6, 4, -8, 4, -6, 10, -4]",Nadal R.,De Minaur A.,Nadal R.
"[8, -4, -6, -5, 4, -4, -4, -8]",Bautista-Agut R.,De Minaur A.,De Minaur A.
"[10, 6, 5, 5, -12, 4, 8]",De Minaur A.,Dellien H.,De Minaur A.
"[8, -5, 4, -4, 6, -4, -8, -4, -5]",Fritz T.,De Minaur A.,De Minaur A.
"[4, -5, 5, -6, 6, -5, -6, -5, -5]",Fritz T.,De Minaur A.,De Minaur A.
"[4, -5, 4, -5, 8, -6, 6, -5, 5, -8, 8, -4, -6]",Jarry N.,De Minaur A.,De Minaur A.
"[-6, -6, 5, -5, 5, -5, 5, -4, 5, -5]",Klahn B.,De Minaur A.,De Minaur A.
"[5, -5, 5, -12, 10, -4, 8, -10, 5, 8]",De Minaur A.,Lajovic D.,De Minaur A.
"[-6, -5, -10, 6, -6, -10, -5]",Millman J.,De Minaur A.,De Minaur A.
"[-10, -4, 5, -4, 4, -5, 5, -6, 5, -4]",Opelka R.,De Minaur A.,De Minaur A.
"[6, -5, 5, -8, 4, -6, 6, -5, 4, -5, 4, -5, 5]",De Minaur A.,Opelka R.,De Minaur A.
"[-8, 8, -4, -5, 8, -8, 6, -4, 4, 5, 5, -4, -6]",Thompson J.,De Minaur A.,De Minaur A.
"[4, -8, 4, -12, 10, -5, 5, -8, 5, -5, 5, -5, 6]",Cecchinato M.,De Minaur A.,De Minaur A.
"[-8, -8, 4, -5, 5, -5, -8, -4]",Coric B.,De Minaur A.,De Minaur A.
"[5, -8, -18, -6, 4, 6, 5, -5, 5, 6]",Murray A.,De Minaur A.,De Minaur A.
"[8, -6, 5, -5, -4, -4, 4, -10, 4, -6]",Sousa P.,De Minaur A.,De Minaur A.
"[6, -6, -6, -7, 5, -4]",Davidovich Fokina A.,De Minaur A.,De Minaur A.
"[-6, -5, -14, 6, 4, -6, -4, -8]",Nishikori K.,De Minaur A.,De Minaur A.
"[4, -5, -7, -6, 6, -5]",Tiafoe F.,De Minaur A.,De Minaur A.
"[-6, -6, 8, -8, 6, -6, 4, -6, 8, -5]",Laaksonen H.,De Minaur A.,De Minaur A.
"[8, -6, 6, -4, 4, 5, -8, 6, 4]",Khachanov K.,Novak D.,Khachanov K.
"[-4, -4, -8, 6, -6, -4, 14, -6]",Monfils G.,Novak D.,Monfils G.
"[6, -4, 4, -4, -6, 6, -8, -5, 5, -5]",Dimitrov G.,Auger-Aliassime F.,Auger-Aliassime F.
"[-6, 6, -5, -8, 5, -10, 6, -5, 5, 10, 6, 5]",King K.,Dimitrov G.,King K.
"[4, -4, 5, -6, 4, -4, 5, -5, 8, -6, -10, -5]",Dimitrov G.,Nishikori K.,Nishikori K.
"[6, 8, -6, -6, -6, 4, 6, 6, -5, 5]",Pella G.,Dimitrov G.,Pella G.
"[6, -4, -5, -5, 8, -5, -8, -6]",Dimitrov G.,Rublev A.,Rublev A.
"[5, -7, 6, -6, 5, -5, 5]",Thiem D.,Dimitrov G.,Thiem D.
"[-6, 6, 5, -5, 4, -6, 8, -4, 4, -5, 10, 12]",Thompson J.,Dimitrov G.,Thompson J.
"[6, -5, 4, -4, 8, -8, 10, -5, 16, -8, 5, -4, -6]",Barrere G.,Dimitrov G.,Barrere G.
"[5, -5, 5, -5, 6, -6, 5, -10, 5, -5, 4, 8]",Dimitrov G.,Wawrinka S.,Wawrinka S.
"[5, -5, 5, 8, 5, -4, 4, 5]",Dimitrov G.,Albot R.,Dimitrov G.
"[6, 5, 8, -10, 6, 4, -8, -8, 6]",Dimitrov G.,Dzumhur D.,Dimitrov G.
"[5, 10, 8, -5, 4, 6, 6]",Dimitrov G.,Lopez F.,Dimitrov G.
"[6, -10, 5, -5, 4, 4, 6, -6, 6]",Dimitrov G.,Millman J.,Dimitrov G.
"[16, -4, 14, 8, 4, -6, 5, -5, 4]",Dimitrov G.,Nishioka Y.,Dimitrov G.
"[4, -4, 4, 6, 4, -4, 8, -6, 5]",Dimitrov G.,Thiem D.,Dimitrov G.
"[4, -6, 6, 10, 6, -6, 5, -5, 10]",Dimitrov G.,Coric B.,Dimitrov G.
"[4, -6, -5, -8, 8, -8, 4, 8, -6, -4]",Dimitrov G.,Humbert U.,Dimitrov G.
"[14, 6, 4, -4, 5, -5, 12, -4, -4, -5, 6, -5, -4]",Johnson S.,Dimitrov G.,Dimitrov G.
"[6, -10, 12, -5, 5, -4, 8, -5, 6, -4, 4, 6]",Dimitrov G.,De Minaur A.,Dimitrov G.
"[5, -5, 4, -4, 5, 4, -6, -6, 4, -5, 5, -4, 5]",Dimitrov G.,Fabbiano T.,Dimitrov G.
"[4, -6, 4, -6, 5, -4, 4, -5, 6, -5, 4, 5]",Dimitrov G.,Majchrzak K.,Dimitrov G.
"[4, 5, 4, -14, 5, -6, 5, -8, 4]",Dimitrov G.,Cuevas P.,Dimitrov G.
"[10, -8, 6, -4, 4, -6, 5, -8, -6, -6]",Dimitrov G.,Tipsarevic J.,Dimitrov G.
"[-5, 8, 10, 6, 5, 6, 6]",De Minaur A.,Djere L.,De Minaur A.
"[8, 6, -12, 6, 10, 6, -6, 4]",Garin C.,Djere L.,Garin C.
"[5, 5, 5, 6, 4, -6, 6]",Krajinovic F.,Djere L.,Krajinovic F.
"[5, -5, 6, -6, 8, -6, -5, 10, 6, -8, -5, 6, -6]",Djere L.,Schwartzman D.,Schwartzman D.
"[10, -5, -4, -6, 6, -4, 6, -4, 6, -4]",Djokovic N.,Federer R.,Federer R.
"[10, -10, 6, -6, 6, -8, -5, -8, 6, -6]",Djokovic N.,Kohlschreiber P.,Kohlschreiber P.
"[5, 4, 8, 5, 8, -12, 6]",Djokovic N.,Bautista-Agut R.,Bautista-Agut R.
"[4, 8, 5, -4, 6, -4, 5, -10, 6]",Djokovic N.,Bautista-Agut R.,Bautista-Agut R.
"[5, -6, 5, -5, 6, 10, 4, -6, 5]",Djokovic N.,Medvedev D.,Medvedev D.
"[6, 8, -5, 6, -5, 6, 8, -6, -6, 5]",Nadal R.,Djokovic N.,Nadal R.
"[5, -6, 4, 8, -4, -12, 5, -5, 6, -8, 4, -5, 5]",Djokovic N.,Thiem D.,Thiem D.
"[10, 6, 5, -6, 6, 4, -6, -6, 8]",Djokovic N.,Tsitsipas S.,Tsitsipas S.
"[4, 6, 4, -4, 5, -5, 8, -5, 6]",Djokovic N.,Tsitsipas S.,Tsitsipas S.
"[5, 5, 4, -8, 4, -6, -5, -12, 5, -16, 4, -10, 5]",Djokovic N.,Anderson K.,Djokovic N.
"[4, -8, 5, -6, 5, 6, 6, 4]",Djokovic N.,Berrettini M.,Djokovic N.
"[6, -8, 4, -6, 5, 4, 4, -4, 5]",Djokovic N.,Carreno-Busta P.,Djokovic N.
"[6, -5, 4, -6, 5, -4, 6, -6, 6, -5, 5, -5, 5]",Djokovic N.,Dimitrov G.,Djokovic N.
"[5, -6, 5, -5, 6, -5, 4, -4, 5, -6, 5, -10, 6]",Djokovic N.,Edmund K.,Djokovic N.
"[4, -8, 4, -6, -10, -10, 5, -6, 4, 4, 5, -6, 6]",Djokovic N.,Fratangelo B.,Djokovic N.
"[4, -5, 6, 10, 5, -4, 4, -4, 6]",Djokovic N.,Garin C.,Djokovic N.
"[5, 14, 6, -8, 8, -8, 5, -8, 4]",Djokovic N.,Goffin D.,Djokovic N.
"[4, -5, 5, -5, 4, -6, 5, -14, 4, -8, 5, 4]",Djokovic N.,Isner J.,Djokovic N.
"[8, 10, 5, 6, 4, -6, 5]",Djokovic N.,Jaziri M.,Djokovic N.
"[6, 8, -6, -4, 6, -4, 6, -6, 5, -5, 6, 4]",Djokovic N.,Khachanov K.,Djokovic N.
"[6, -6, 5, 4, 4, 6, -10, 8]",Djokovic N.,Khachanov K.,Djokovic N.
"[6, -5, 5, -6, 5, 6, 4, -4, 5]",Djokovic N.,Kohlschreiber P.,Djokovic N.
"[6, -5, 5, 5, 4, -4, 6, -5, 6]",Djokovic N.,Millman J.,Djokovic N.
"[8, -4, 5, -8, 12, 8, 5, -6, 10]",Djokovic N.,Monfils G.,Djokovic N.
"[5, -8, 5, -6, 6, -6, -6, -18, 16, 5, 8, -6, 5]",Djokovic N.,Moutet C.,Djokovic N.
"[5, 6, 4, -4, 4, -6, 4, -6, 5]",Djokovic N.,Nadal R.,Djokovic N.
"[10, 5, 5, -6, 5, 6, 4]",Djokovic N.,Nadal R.,Djokovic N.
"[-10, -8, 4, -4, 10, -4, -6, -4]",Nadal R.,Djokovic N.,Djokovic N.
"[-5, -10, 6, -5, 4, -8, -10, -4]",Nadal R.,Djokovic N.,Djokovic N.
"[6, 5, -6, -6, 5, -6, 14, -4, 6, -8, 4, -5, -6]",Nadal R.,Djokovic N.,Djokovic N.
"[4, -10, 10, -4, 8, -6, 8, -4, -16, -4]",Popyrin Al.,Djokovic N.,Djokovic N.
"[8, -6, 6, -4, 5, -5, 5, -5, 6, -6, 6, -4, -8]",Pouille L.,Djokovic N.,Djokovic N.
"[4, 5, 5, -5, 4, 6, 5]",Djokovic N.,Pouille L.,Djokovic N.
"[8, 6, -8, 6, -4, -6, -5, 6, -4, 6, -5, -10]",Querrey S.,Djokovic N.,Djokovic N.
"[4, 6, 5, -8, 6, -5, 5, -5, 4]",Djokovic N.,Shapovalov D.,Djokovic N.
"[4, -12, 5, -6, 4, -5, 4, 6, 4]",Djokovic N.,Shapovalov D.,Djokovic N.
"[5, -10, -16, -4, 6, -4, 8, -4, -4]",Soeda G.,Djokovic N.,Djokovic N.
"[4, -6, 6, -8, -4, 10, 5, -5, 5, -4, 4, -6, 5]",Djokovic N.,Tomic B.,Djokovic N.
"[8, 6, 4, 8, 5, -8, 6]",Djokovic N.,Tsitsipas S.,Djokovic N.
"[8, -4, 6, -6, 10, -6, 6, 6, 5]",Djokovic N.,Tsitsipas S.,Djokovic N.
"[8, 8, -8, 5, 6, -6, -5, 10, -5, 5]",Basilashvili N.,Djokovic N.,Djokovic N.
"[5, -5, 4, 8, 8, -6, 4, -8, -5, -5, 6, 5]",Djokovic N.,Delbonis F.,Djokovic N.
"[4, -8, 5, 10, 5, 4, 10]",Djokovic N.,Medvedev D.,Djokovic N.
"[8, -5, -18, -6, 8, -6, -8, -5]",Djokovic N.,Monfils G.,Djokovic N.
"[4, -4, 5, -8, 5, -6, 6, -8, -14, -5]",Djokovic N.,Shapovalov D.,Djokovic N.
"[6, -16, 4, -5, 6, -5, 6, -8, 6, 5]",Djokovic N.,Carballes Baena R.,Djokovic N.
"[4, -6, 4, 5, 6, -4, 14, -5, 4]",Djokovic N.,Kudla D.,Djokovic N.
"[4, -8, 6, -4, -6, 14, 6, -6, 5, 6]",Djokovic N.,Londero J. I.,Djokovic N.
"[4, 5, 4, -8, 4, -6, 4, -4, 5]",Djokovic N.,Nadal R.,Djokovic N.
"[6, -5, 6, 10, 5, 8, 6]",Nadal R.,Donaldson J.,Nadal R.
"[5, -4, 4, -6, 4, 6, 4, -4, 5]",Auger-Aliassime F.,Duckworth J.,Auger-Aliassime F.
"[6, -6, 5, 4, 4, -5, 6, -5, 6]",Dimitrov G.,Dzumhur D.,Dimitrov G.
"[-16, 5, 10, -8, 8, -6, -5, 5, 4, 8]",Fognini F.,Dzumhur D.,Fognini F.
"[4, -6, 8, -5, 4, -5, 4, -6, 4, -6, 4, 4]",Wawrinka S.,Dzumhur D.,Wawrinka S.
"[5, -14, -6, -10, -8, -5, -5]",Ebden M.,Struff J-L.,Ebden M.
"[6, -5, -6, 4, -5, 6, -6, 6, -4, 12, -8, 8, 5]",Basilashvili N.,Edmund K.,Basilashvili N.
"[5, -4, -5, 8, 6, 5, -5, 4, 5]",Evans D.,Edmund K.,Evans D.
"[5, 6, 16, 6, 5, -6, 8]",Federer R.,Edmund K.,Federer R.
"[6, -5, 5, -5, 6, 4, 6, -6, -4, -5, 4, -6, 6]",Isner J.,Edmund K.,Isner J.
"[8, -4, 5, -4, 6, -4, 14, -5, 6, -4, 6, -10, 4]",Isner J.,Edmund K.,Isner J.
"[5, -8, 6, -5, 4, 10, 4, -5, -5, -5, 5, -6, 4]",Edmund K.,Lajovic D.,Lajovic D.
"[4, 14, 5, -4, 6, -8, -8, -5, 8, 20]",Edmund K.,Krajinovic F.,Krajinovic F.
"[-5, -6, 5, -6, 10, -6, 10, -4, 6, -5]",Auger-Aliassime F.,Edmund K.,Edmund K.
"[5, 6, 6, -5, 8, -5, 8, -5, 4]",Edmund K.,Lajovic D.,Edmund K.
"[12, -5, 5, -5, 5, -5, 4, 6, 4]",Edmund K.,Schwartzman D.,Edmund K.
"[6, -5, 4, -5, 6, -5, 5, -6, 6, -4, 6, 6]",Edmund K.,Schwartzman D.,Edmund K.
"[4, -5, 10, -5, -5, -10, 4, -5, 6, -4]",Eubanks C.,Basilashvili N.,Basilashvili N.
"[4, -5, 8, -8, 5, -5, 4, -4, 5, -4, 5, 5]",Dimitrov G.,Evans D.,Dimitrov G.
"[5, -5, 6, 5, 5, -4, 6, -4, 6]",Edmund K.,Evans D.,Edmund K.
"[5, 8, -6, -6, 4, -4, 5, -6, -6, -5]",Evans D.,Nishioka Y.,Nishioka Y.
"[5, 4, 8, -5, 6, -5, -6, -5, 4, -4, 5, -4, 6]",Norrie C.,Evans D.,Norrie C.
"[6, -6, 4, -5, -8, -4, -12, -6]",Evans D.,Tsitsipas S.,Tsitsipas S.
"[4, -4, 6, -6, 6, -5, 5, -8, 5, -6, 4, -12, 5]",Federer R.,Evans D.,Federer R.
"[6, -6, -6, -6, 4, -5, 4, -6, 5, -6]",Evans D.,Nishioka Y.,Nishioka Y.
"[6, 8, 4, -14, 4, -6, 5, 6]",Evans D.,Chardy J.,Chardy J.
"[6, -4, -8, -6, -6, 5, -6, -4]",Dimitrov G.,Evans D.,Dimitrov G.
"[5, -6, 5, -6, 6, -5, 5, -5, 4, -5, 5, -10, 6]",Kohlschreiber P.,Evans D.,Kohlschreiber P.
"[-6, -10, 10, -5, 8, 5, 5, -5, 6, -6, 6, 5]",Krajinovic F.,Evans D.,Krajinovic F.
"[8, -6, 6, -8, 4, -4, -5, -4, 5, -6]",Norrie C.,Evans D.,Norrie C.
"[6, 4, -6, 4, -6, 5, -10, 6, -6, 8]",Rublev A.,Evans D.,Rublev A.
"[6, -4, -6, 5, -6, 6, 6, -4, 5, -5, 5, -10, -5]",Wawrinka S.,Evans D.,Wawrinka S.
"[-5, -4, -4, -5, 4, -4, 14, -4]",Albot R.,Evans D.,Evans D.
"[5, -5, 6, -8, -12, -8, 6, -5, -12]",Clarke J.,Evans D.,Evans D.
"[12, -4, 4, -6, 6, 8, 5, -6, 12]",Evans D.,Cui J.,Evans D.
"[10, -10, 6, -4, 6, -4, -6, -4, 4, -5]",Edmund K.,Evans D.,Evans D.
"[4, -12, 6, -4, 6, -6, 4, 4, 4]",Evans D.,Granollers M.,Evans D.
"[8, -6, 6, -5, 5, 6, 8, -6, 5]",Evans D.,Kohlschreiber P.,Evans D.
"[4, -10, 4, 6, -10, -5, -10, -4, -5]",Li Z.,Evans D.,Evans D.
"[8, -6, 6, -5, 8, -18, 6, -4, 6, -6, -16, -10]",McHugh A.,Evans D.,Evans D.
"[-14, -5, 5, -5, -5, 8, 5, -6, -6]",Norrie C.,Evans D.,Evans D.
"[6, 5, -4, 5, -8, 5, -6, -4, -8, 6, -6, 5, -4]",Albot R.,Evans D.,Evans D.
"[4, -5, -5, -8, 5, -10, 6, -4, -6]",Bai Y.,Evans D.,Evans D.
"[4, 14, 5, -4, -6, -6, 4, -4, 5, -8, 4, -5, -6]",De Minaur A.,Evans D.,Evans D.
"[6, 8, 8, 8, -10, -4, 5, -5, 5]",Fognini F.,Evans D.,Evans D.
"[5, -8, -5, -8, 5, -8, 6, -5, 4, -6]",Evans D.,Khachanov K.,Evans D.
"[5, 16, 5, -4, 16, 8, 6]",Murray A.,Evans D.,Evans D.
"[5, -6, -5, -6, 10, -5, -12, -5]",Peniston R.,Evans D.,Evans D.
"[8, -4, 6, -12, 4, 5, 4, -4, 5]",Pospisil V.,Evans D.,Evans D.
"[4, -4, 6, -14, -8, -4, -6, -4]",Tomic B.,Evans D.,Evans D.
"[6, -5, 8, -6, 6, -4, -16, -8, 6, -14]",Tomic B.,Evans D.,Evans D.
"[4, -6, -5, 6, 8, -5, 8, -4, -8, -14]",Pouille L.,Evans D.,Evans D.
"[5, -5, 6, 6, 5, 6, -8, -6, 5]",McDonald M.,Evans D.,Evans D.
"[10, -5, -4, -5, 10, 5, 5, -12, -6, -5]",Fabbiano T.,Rublev A.,Rublev A.
"[5, -6, -5, -10, 6, -6, 4, -4, 5, -5]",Thiem D.,Fabbiano T.,Fabbiano T.
"[16, 5, -5, 6, -5, 8, -14, -6, -6, 4, -6, 8, 8]",Garin C.,Falla A.,Garin C.
"[6, 5, -5, 4, -6, 6, -5, 6, -5, 4]",Coric B.,Federer R.,Coric B.
"[5, -4, 5, -8, 5, -5, 5, -5, 4, -6, 6, -6, -5]",Federer R.,Nishikori K.,Nishikori K.
"[5, 5, -8, 6, 6, -5, 5, -4, 6]",Rublev A.,Federer R.,Rublev A.
"[6, 6, -4, -8, -5, 5, -4, 5, -5, 6, 6, 6]",Thiem D.,Federer R.,Thiem D.
"[14, 5, -6, 12, 6, -10, 4, -8, -4, -5, 8, -6, -5]",Federer R.,Djokovic N.,Djokovic N.
"[-10, -6, -6, -10, -4, -4]",Albot R.,Federer R.,Federer R.
"[6, -5, 4, -6, 6, -6, 5, -4, 5, -5, 4, -8, 4]",Federer R.,Berrettini M.,Federer R.
"[12, -6, 4, 6, 6, -5, 6, 6]",Federer R.,De Minaur A.,Federer R.
"[8, -4, 5, 4, 5, -4, 5, 6]",Federer R.,Gojowczyk P.,Federer R.
"[6, -4, 6, -5, -5, -4, 5, -6, 5, -5]",Isner J.,Federer R.,Federer R.
"[5, 5, 8, -4, 4, -4, 4, -4, 5]",Federer R.,Londero J. I.,Federer R.
"[-18, -8, 5, -5, -8, 4, 6, -8, 8, -4]",Nishikori K.,Federer R.,Federer R.
"[18, -4, -6, -5, -5, -5, 8, -6]",Shapovalov D.,Federer R.,Federer R.
"[4, -6, 16, -5, -10, -5, 6, -5, 4, -5]",Tsitsipas S.,Federer R.,Federer R.
"[4, -5, 4, 6, -5, -8, 4, -4, 5, -5, 6, -4, -6]",Federer R.,Kyrgios N.,Federer R.
"[-10, -5, 5, -5, 5, -5, 5, -10, 4, -5]",Nadal R.,Federer R.,Federer R.
"[5, 6, 4, -6, 8, -8, 6, -5, 4]",Federer R.,Dimitrov G.,Dimitrov G.
"[5, -4, 6, -8, 5, 5, 6, 6]",Federer R.,Evans D.,Federer R.
"[4, -5, -12, 6, 4, 4, 4, 6]",Federer R.,Goffin D.,Federer R.
"[8, 8, 6, 5, -5, -5, 6, -5, 5]",Dzumhur D.,Federer R.,Federer R.
"[8, 5, -6, -6, 6, -6, 6, -5, -5, -6]",Federer R.,Nagal S.,Federer R.
"[4, 5, 5, -8, -5, -4, 10, -5, 5, -6, 6, -5, -8]",Ferrer D.,Zverev A.,Zverev A.
"[5, -6, 6, 4, -6, 6, 8, 6]",Zverev A.,Ferrer D.,Ferrer D.
"[6, 4, 8, 5, 6, 4]",Albot R.,Fognini F.,Albot R.
"[5, -4, -5, -5, -14, 10, 6, -6, 5, -8]",Fognini F.,Federer R.,Federer R.
"[8, 6, 10, 6, 5, -6, 12]",Fritz T.,Fognini F.,Fritz T.
"[8, -6, 5, 4, 6, -12, 8, 6]",Ruud C.,Fognini F.,Ruud C.
"[6, -6, 6, 5, 10, 6, 10]",Sock J.,Fognini F.,Sock J.
"[-6, 6, 6, 14, 4, 12, 5]",Tipsarevic J.,Fognini F.,Tipsarevic J.
"[6, -10, 4, -5, 5, -5, 5, 6, 10]",Fognini F.,Lopez F.,Lopez F.
"[5, -5, -8, -4, -5, -5, 8, -6]",Fognini F.,Carreno-Busta P.,Carreno-Busta P.
"[5, -6, 10, -4, 4, 6, 5, -12, 6]",Opelka R.,Fognini F.,Opelka R.
"[8, -12, 6, -8, -8, -6, 5, -8, 8, -8]",Fucsovics M.,Fognini F.,Fognini F.
"[5, -4, 5, -5, 5, -4, 8, -4, -5, -8]",Isner J.,Fognini F.,Fognini F.
"[8, -10, 10, -4, 5, 4, -5, -4, 5, -4, 8, -6, 4]",Fognini F.,Isner J.,Fognini F.
"[12, -5, 6, 14, 4, -8, 4, -4, 5]",Fognini F.,Khachanov K.,Fognini F.
"[4, -6, 5, -4, -8, -6, 6, -5, 6, -4]",Monfils G.,Fognini F.,Fognini F.
"[5, -5, 4, -5, -10, -6, 4, -5, 8, -5]",Querrey S.,Fognini F.,Fognini F.
"[5, -4, -4, -10, 4, -6, 4, -5, 6, -6]",Rublev A.,Fognini F.,Fognini F.
"[10, -6, 5, 5, 10, 4, 8]",Albot R.,Fognini F.,Fognini F.
"[6, 8, 6, 5, -6, -8, -4, 5, -4, 6]",Granollers M.,Fognini F.,Fognini F.
"[8, -4, -6, 5, 6, 5, -8, -4, 8, -4, 12, -12, -22]",Murray A.,Fognini F.,Fognini F.
"[8, -5, 4, -8, 4, -4, 6, -4, 8, -5, 5, -8, -6]",Mayer L.,Fognini F.,Fognini F.
"[12, -6, 6, -8, -8, -6, 8, -6, 5, -4]",Fritz T.,Bublik A.,Bublik A.
"[5, -6, -6, -4, -5, -5, 8, -4]",Fritz T.,Khachanov K.,Khachanov K.
"[5, 14, -8, -4, 6, -6, 5, -5, 5, -12, 4, -4, 6]",Nakashima B.,Fritz T.,Nakashima B.
"[4, -5, 5, -4, 5, 6, 5, -5, 6]",Opelka R.,Fritz T.,Opelka R.
"[5, -4, 5, 6, 5, -4, -5, -6, 4, -5, 14, -8, -8]",Fritz T.,Schwartzman D.,Schwartzman D.
"[5, -5, 5, -4, 4, -6, 5, -4, 5, -5, 4, -5, -6]",Fritz T.,Tsitsipas S.,Tsitsipas S.
"[5, -4, -5, -6, -6, -4, 4, -4]",Fritz T.,Federer R.,Federer R.
"[5, -7, 5, -7, 7, -4, 5, -7]",Paul T.,Fritz T.,Fritz T.
"[4, -5, 7, -6, 6, -5, 4, -6]",Fritz T.,Querrey S.,Fritz T.
"[-6, -5, 4, -10, 4, -6, 6, -8, 6, -5]",Bublik A.,Fritz T.,Bublik A.
"[4, -5, -6, -6, 5, -6, 10, -5, 5, -4]",Fritz T.,Krueger M.,Krueger M.
"[6, -4, 5, -4, 5, -5, 5, -5, 6, 10]",Norrie C.,Fritz T.,Norrie C.
"[8, -5, 5, 6, 6, -6, 6, -5, 6]",Fritz T.,Lopez F.,Lopez F.
"[8, -6, 5, -8, -10, -4, -8, -5]",Fritz T.,Thiem D.,Thiem D.
"[6, -8, 6, 14, 4, -4, 4, -5, 5]",Fritz T.,Albot R.,Fritz T.
"[8, -4, -12, -5, 6, -5, -5, -5]",Durasovic V.,Fritz T.,Fritz T.
"[6, 5, -8, 10, -10, -4, 6, -4, 5, 6]",Fritz T.,Edmund K.,Fritz T.
"[4, -8, 4, -8, 5, -4, 4, 6, 4]",Fritz T.,Velotti A.,Fritz T.
"[6, -5, 10, -6, 4, -5, 5, -4, 6, -6, 5, -4, 6]",Fritz T.,Zverev A.,Fritz T.
"[8, -10, 6, -6, 10, -6, 6, -4, 4, -5, -6, -5]",Fritz T.,Berrettini M.,Fritz T.
"[6, 8, 6, 6, -8, 6, -6, 5]",Isner J.,Fritz T.,Fritz T.
"[12, -4, 6, -4, 10, -6, 5, -5, 5, -4, -8, -5]",Millman J.,Fritz T.,Fritz T.
"[5, 6, 8, -6, 4, -8, 6, -4, 4]",Fritz T.,Griekspoor T.,Fritz T.
"[5, -6, 5, -4, 5, -5, -6, -5, 4, -4]",Fritz T.,Anderson K.,Fritz T.
"[10, -5, 6, -6, 6, -6, 6, -5, 5, -6, 6, -5, 6]",Federer R.,Fucsovics M.,Federer R.
"[10, -6, -8, 6, 6, -8, -6, 6, 8, 10]",Wawrinka S.,Fucsovics M.,Wawrinka S.
"[6, -6, 5, -6, 5, -6, -6, -4, 6, -5]",Federer R.,Fucsovics M.,Federer R.
"[6, -6, 6, -6, -5, -5, 6, -4, 4, 5, 5, -5, 6]",Fucsovics M.,Basilashvili N.,Fucsovics M.
"[8, -5, 5, -5, -8, -6, 6, 8, 5, 18]",Fognini F.,Fucsovics M.,Fucsovics M.
"[-10, -8, 6, -5, 6, 6, -6, -10, -14]",Basilashvili N.,Fucsovics M.,Basilashvili N.
"[5, -4, 6, -8, 5, -6, -5, -6, -4]",Garin C.,Berrettini M.,Berrettini M.
"[4, 12, 8, -6, 10, -4, 4, 6]",Dimitrov G.,Garin C.,Dimitrov G.
"[6, 4, -5, 5, -8, 6, 4, 4]",Kokkinakis T.,Garin C.,Kokkinakis T.
"[6, 5, -8, 5, 5, 5, -4, 4]",Lajovic D.,Garin C.,Lajovic D.
"[6, -5, 5, -5, 6, -8, -8, 6, 4, 5]",Mannarino A.,Garin C.,Mannarino A.
"[6, -6, 5, 10, 5, -8, 4, 6]",Mmoh M.,Garin C.,Mmoh M.
"[8, -6, 4, -5, 10, 8, 5, -6, -12, 4]",Novikov D.,Garin C.,Novikov D.
"[4, -5, 5, -4, 4, -5, 4, -4, 6, -4, 4, -4, 5]",Opelka R.,Garin C.,Opelka R.
"[4, -4, 6, -8, 5, 4, 5, -8, 12]",De Minaur A.,Garin C.,De Minaur A.
"[5, 5, 4, -5, 5, -4, 4, -5, 5]",Raonic M.,Garin C.,Raonic M.
"[6, -4, -6, -8, 4, 8, -6, -4, 8, -4]",Fratangelo B.,Garin C.,Fratangelo B.
"[5, 5, 4, -4, 5, -5, 5, -5, 5]",Klahn B.,Garin C.,Klahn B.
"[6, 6, 6, -6, 4, -5, 6, -10, 5]",Garin C.,Londero J. I.,Londero J. I.
"[-12, -10, 5, -4, 5, -6, 5, -5, -6]",Seppi A.,Garin C.,Seppi A.
"[8, -5, -12, 6, 4, 5, 4, -5, 5]",Garin C.,Edmund K.,Garin C.
"[10, -5, 4, -4, 5, -5, 4, -6, 4, -5, 5, -8, 5]",Garin C.,Isner J.,Garin C.
"[10, -4, 10, -6, 5, 8, 6, -5, 4]",Garin C.,Isner J.,Garin C.
"[-6, -4, 4, -5, 6, -6, 5, -6, 5, -10]",O'Connell C.,Garin C.,Garin C.
"[5, -4, 4, -5, 5, -5, 6, -4, 5, -4, -4, -4]",Smith J. P.,Garin C.,Garin C.
"[-10, 18, 4, -10, 8, 6, 4, -4, -10, 8]",Galovic V.,Garin C.,Garin C.
"[6, -8, 8, 12, 6, 5, 8]",Garin C.,Popko D.,Garin C.
"[4, 4, -6, -5, 6, -8, 6, -8, 5, 6]",Garin C.,Travaglia S.,Garin C.
"[10, -5, 5, -4, 5, -10, 5, 5, 6]",Eubanks C.,Garin C.,Garin C.
"[4, -6, 4, 5, 8, -6, 4, -6, 5]",Goffin D.,Gasquet R.,Goffin D.
"[6, 5, -4, -6, -20, -4, 8, 5, -6, -6]",Paire B.,Gasquet R.,Gasquet R.
"[6, 5, -6, -14, 8, -4, 6, -4, -5, 10, 5, -4, -8]",Gasquet R.,Nishikori K.,Gasquet R.
"[-6, -6, 5, -16, 6, -8, 8, -6, 6, 6, 6, 4]",Auger-Aliassime F.,Gerasimov E.,Auger-Aliassime F.
"[5, -5, 12, -4, 8, -8, 5, -5, 4, -4, 6, -4, -4]",Gerasimov E.,Zverev A.,Zverev A.
"[6, -8, 5, -4, 4, -5, 5, -16, 4, -5, 4, -8, -6]",Gerasimov E.,Rublev A.,Rublev A.
"[4, -6, -8, -6, 8, -6, 4, -4, 4, -4]",Gerasimov E.,Shapovalov D.,Shapovalov D.
"[6, -4, 5, -5, 6, -6, 10, -4, 6, 6]",Giron M.,Raonic M.,Raonic M.
"[8, 4, -8, 6, -5, 4, 12, 5]",Raonic M.,Giustino L.,Raonic M.
"[5, -4, 4, -5, 8, 5, 8, -4, 6]",Carreno-Busta P.,Goffin D.,Carreno-Busta P.
"[8, -6, -4, -4, 4, 5, 10, -4, 4, -6, 4, 4]",Dimitrov G.,Goffin D.,Dimitrov G.
"[6, 8, -6, -8, 5, 6, 6, -5, -4, 8]",Evans D.,Goffin D.,Evans D.
"[4, -4, 18, -8, 4, -4, 10, -4, 6, -10, -6, 12, -6]",Federer R.,Goffin D.,Federer R.
"[5, -6, -6, -6, 6, -5, 5, 5, 6, 8]",Gerasimov E.,Goffin D.,Gerasimov E.
"[5, -5, 5, -5, 10, 5, -22, 6, -5, -5, -5, -4]",Goffin D.,Tiafoe F.,Tiafoe F.
"[4, -5, 6, -5, 6, -5, 6, -6, 6, -6, 6, -4, -6]",Opelka R.,Goffin D.,Opelka R.
"[4, -6, -8, -6, 4, -5, -6, -8]",Rublev A.,Goffin D.,Rublev A.
"[6, -5, 6, -5, -6, -10, 8, -10, 6, -5]",Albot R.,Goffin D.,Goffin D.
"[-8, -4, 5, -5, 5, -5, -5, -4]",Chung H.,Goffin D.,Goffin D.
"[6, -4, -4, -5, 5, -6, 5, -4, 6, -5]",Cilic M.,Goffin D.,Goffin D.
"[6, -4, -5, -4, -6, -5, 5, -5]",Gasquet R.,Goffin D.,Goffin D.
"[5, -5, -6, -5, 5, 4, 5, -5, 5, -8, 6, -6, 8]",Goffin D.,Mannarino A.,Goffin D.
"[5, -8, 8, -10, -5, 5, 5, -8, -10, -6]",Nadal R.,Goffin D.,Goffin D.
"[6, 5, 8, -8, 4, 6, 5]",Goffin D.,Pella G.,Goffin D.
"[-8, -5, 4, -10, 6, -6, -6, -4]",Pouille L.,Goffin D.,Goffin D.
"[6, -14, 10, -5, 4, -5, 6, -4, 6, -6, 4, -6, 5]",Goffin D.,Shapovalov D.,Goffin D.
"[8, 8, 4, 6, 5, -8, 5]",Carreno-Busta P.,Goffin D.,Goffin D.
"[5, 8, 10, -10, -6, 6, -6, -6, 12, 10]",Dimitrov G.,Goffin D.,Goffin D.
"[6, -4, -10, 5, 12, -8, 4, -6, -6, -20]",Fritz T.,Goffin D.,Goffin D.
"[-6, -6, 8, 6, 6, -5, 6, -6, -6, -10]",Chardy J.,Goffin D.,Goffin D.
"[-5, -6, -12, -6, -8, -4]",Garin C.,Goffin D.,Goffin D.
"[4, 4, 5, -5, 6, 5, 5]",Goffin D.,Herbert P.,Goffin D.
"[4, 16, 5, 6, 4, -5, 5]",Federer R.,Gojowczyk P.,Federer R.
"[4, -4, 4, -6, 4, -5, 5, -8, 8, -8, -5, -5]",Gojowczyk P.,Krajinovic F.,Krajinovic F.
"[14, 6, -6, 4, -4, 4, 8, 10]",Fognini F.,Gojowczyk P.,Fognini F.
"[5, -5, 5, -5, -6, -6, 6, -5, 5, -5]",Gojowczyk P.,Carreno-Busta P.,Carreno-Busta P.
"[8, -8, -6, 10, -5, 6, -4, -10, -6]",De Minaur A.,Gojowczyk P.,Gojowczyk P.
"[-6, 4, 6, 6, 10, -4, 5, -6, 6]",Carreno-Busta P.,Gombos N.,Gombos N.
"[4, 6, 6, -6, 4, -8, 6, -5, 6]",Khachanov K.,Griekspoor T.,Griekspoor T.
"[5, -14, 12, -8, 8, -10, 8, -5, 6, -4, -6, -6]",Gulbis E.,Schwartzman D.,Schwartzman D.
"[5, -6, 5, -8, 4, -4, 4, -8, -6, 6, 5, 6]",Gulbis E.,Auger-Aliassime F.,Gulbis E.
"[8, 5, -4, -4, 4, 8, -5, 5, -6, 5]",Medvedev D.,Gunneswaran P.,Medvedev D.
"[4, -8, 6, -4, -5, -8, 6, -6, 5, -4]",Basilashvili N.,Gunneswaran P.,Gunneswaran P.
"[5, -10, 5, -4, 5, -6, 5, 10, 6]",Haase R.,Goffin D.,Goffin D.
"[8, -5, -4, 4, -6, 6, 8, 8, 12]",Garin C.,Halys Q.,Halys Q.
"[5, -4, 6, 6, -5, -6, 5, -5, 5, -4, 6, -6, 6]",Halys Q.,Krajinovic F.,Krajinovic F.
"[4, -6, 5, -5, 10, 12, 8, -5, 5]",Rublev A.,Harris G.,Rublev A.
"[5, 6, -8, 4, -4, 8, -5, 6, -4, 6]",Wawrinka S.,Harrison R.,Wawrinka S.
"[6, -6, -4, 5, 10, -6, 8, -6, 5, -6, 4, -5, -4]",Garin C.,Harris G.,Harris G.
"[12, -10, 5, -6, -4, -5, 4, -6, 5, -6]",Herbert P.,Goffin D.,Goffin D.
"[6, -4, -6, -8, 6, -5, 6, -4, 8, -4]",Herbert P.,Krajinovic F.,Krajinovic F.
"[5, -6, 8, 5, -5, -8, -5, -6, 8, -5]",Herbert P.,Rublev A.,Rublev A.
"[5, -5, -8, -12, 5, -8, 5, -10, -10]",Herbert P.,Shapovalov D.,Shapovalov D.
"[5, -6, 5, -4, 4, -4, 5, -4, -5, -5]",Herbert P.,Raonic M.,Raonic M.
"[5, 8, 10, 5, 6, 6]",Auger-Aliassime F.,Herbert P.,Auger-Aliassime F.
"[5, 5, 6, -4, 10, -6, 5, -5, -6, -6, -6, -8]",Herbert P.,Evans D.,Evans D.
"[5, -5, -8, -12, 5, 5, 5, -8, -5, -5]",Herbert P.,De Minaur A.,De Minaur A.
"[10, -8, 6, 4, 6, -4, -8, -6, 4, 5]",Fritz T.,Humbert U.,Fritz T.
"[4, -10, 5, 6, 12, -6, 5, -4, 8]",Humbert U.,Coric B.,Humbert U.
"[8, -6, 4, -4, 5, 6, 10, -5, 5]",Humbert U.,Goffin D.,Humbert U.
"[8, -8, 4, -6, 8, -6, 6, -4, 5, -4, 4, 8]",Humbert U.,Shapovalov D.,Humbert U.
"[6, -6, 4, -8, 5, -12, 8, -6, 4, -5, 4, -5, -5]",Hurkacz H.,Auger-Aliassime F.,Auger-Aliassime F.
"[-4, 6, 5, -4, 4, -5, 6, -5, 6, -5, 8, -10, 10]",Bautista-Agut R.,Hurkacz H.,Bautista-Agut R.
"[8, -5, -5, -5, -5, -8, 6, -6]",Hurkacz H.,Bublik A.,Bublik A.
"[5, -5, 5, -4, -5, -4, 6, -5, 5, -8]",Hurkacz H.,Federer R.,Federer R.
"[4, -12, 5, -8, 6, -5, 12, -4, -8, -4]",Hurkacz H.,Isner J.,Isner J.
"[5, -5, 6, -6, 6, -8]",Hurkacz H.,Kecmanovic M.,Kecmanovic M.
"[5, -4, -8, -5, 10, -6, 4, -8, 8, -6]",Hurkacz H.,Khachanov K.,Khachanov K.
"[8, -4, 5, -6, 5, -5, 8, -5, 5, 8]",Monfils G.,Hurkacz H.,Monfils G.
"[7, 6, -5, -6, -4, 5, 5]",Nakashima B.,Hurkacz H.,Nakashima B.
"[8, -6, 4, -6, 4, -14, 8, 5, 5]",Pospisil V.,Hurkacz H.,Pospisil V.
"[6, -5, 6, -4, 6, -5, 5, -6, 6, 5]",Pouille L.,Hurkacz H.,Pouille L.
"[8, -5, -8, -4, 5, 6, -8, 6, 6, 6]",Millman J.,Hurkacz H.,Millman J.
"[4, 14, -5, 5, -6, 6, 6, -8, -4, 4]",Paire B.,Hurkacz H.,Paire B.
"[5, -4, -5, -6, 4, -4, 6, -10, 8, 8, 5, -6, -12]",Tsitsipas S.,Hurkacz H.,Tsitsipas S.
"[8, -5, -6, 8, 6, -4, 4, -4, 5, -4, 6, -6, 8]",Tsitsipas S.,Hurkacz H.,Tsitsipas S.
"[5, -4, 5, -4, 4, -6, 5, -4, 6, -8, -8, -5]",Hurkacz H.,Tsitsipas S.,Tsitsipas S.
"[4, 6, 8, -6, 12, -10, 6, -5, 5]",Hurkacz H.,Fritz T.,Hurkacz H.
"[5, -5, 5, -4, 8, -6, 5, -5, -8, -5]",Hoang A.,Hurkacz H.,Hurkacz H.
"[5, -10, 6, -5, 8, 6, 4, -8, 5]",Hurkacz H.,Krajinovic F.,Hurkacz H.
"[6, -8, 8, 5, 4, -4, 6, -8, 4]",Hurkacz H.,Moutet C.,Hurkacz H.
"[5, -4, 10, -5, 5, 6, 5, -5, 6]",Hurkacz H.,Shapovalov D.,Hurkacz H.
"[5, -8, 5, 6, 4, 5, 5]",Hurkacz H.,Young D.,Hurkacz H.
"[10, -4, 4, -6, 6, -4, 6, -5, 4, -5, 5, -5, 4]",Hurkacz H.,Zhang Z.,Hurkacz H.
"[5, -5, 6, -7, 4, -4]",Hurkacz H.,McDonald M.,Hurkacz H.
"[-8, -6, 6, -4, 4, -5]",Opelka R.,Hurkacz H.,Hurkacz H.
"[6, -8, -10, -5, -8, -4, 6, -6]",Pouille L.,Hurkacz H.,Hurkacz H.
"[6, -6, 8, -6, 4, -4, 6, -6, 14, -4, 4, -4, 5]",Hurkacz H.,Shapovalov D.,Hurkacz H.
"[6, -8, -6, -6, -5, 6, -5, 6, -4]",Chardy J.,Hurkacz H.,Chardy J.
"[12, -5, 8, -4, 6, -6, 8, -5, 4, -5, 10, -4, -6]",Hurkacz H.,Novak D.,Hurkacz H.
"[8, 5, -4, 4, 8, 4, 6]",Federer R.,Isner J.,Federer R.
"[4, -4, 5, -6, 5, -4, 5, -6, 5, -5, 4, -6, 6]",Humbert U.,Isner J.,Humbert U.
"[5, -5, 6, -5, -5, -4, 10, -4, 8, -5]",Isner J.,Khachanov K.,Khachanov K.
"[5, -5, 5, -5, 6, -4, 5, -4, 6, -4, 4, -4, -8]",Isner J.,Tsitsipas S.,Tsitsipas S.
"[12, -4, 8, -18, 5, -8, 5, -4, 8, -5, 4, 5]",Eubanks C.,Isner J.,Eubanks C.
"[6, -4, 5, -4, 4, -5, 4, -5, 5, -4, 4, -6, -6]",Isner J.,Gerasimov E.,Gerasimov E.
"[5, -6, 4, -6, 4, -5, 5, -4, 5, -5, 5, -6, 8]",Opelka R.,Isner J.,Opelka R.
"[8, -4, 4, -4, 4, -6, 6, -6, 5, -6, 4, -5, -10]",Ruud C.,Isner J.,Ruud C.
"[5, -5, 5, -5, 8, -6, 6, -4, 5, -6, 4, -6, 10]",Thompson J.,Isner J.,Thompson J.
"[4, -5, 4, -6, 4, -6, 5, -5, 8, -16, -6, -12]",Isner J.,Cilic M.,Cilic M.
"[6, -5, 4, -6, 10, -5, -4, -6, 4, 5, 4, -4, 8]",Isner J.,Auger-Aliassime F.,Isner J.
"[5, -5, 6, -6, 4, -4, 5, -6, 8, -5, 6, -5, 5]",Isner J.,Evans D.,Isner J.
"[4, 4, 5, -5, 6, -5, 8, -5, 10]",Isner J.,Fritz T.,Isner J.
"[5, -8, 8, -5, 5, 10, 6, -6, 18]",Isner J.,Giron M.,Isner J.
"[4, -6, -6, -5, -4, -8, -6]",King K.,Isner J.,Isner J.
"[6, 5, 5, -6, 6, -6, 4, -5, 4]",Isner J.,Pella G.,Isner J.
"[-5, -4, -10, -5, -8, -4]",Popyrin Al.,Isner J.,Isner J.
"[6, -8, 4, -6, 4, -4, 5, -4, 4, -14, 5, -5, 4]",Isner J.,Wawrinka S.,Isner J.
"[4, 6, 4, -5, 5, -6, 5, -5, 6]",Isner J.,Zverev M.,Isner J.
"[6, -6, 4, -6, 6, -8, 4, -4, 6, -6, 5, -5, 4]",Isner J.,Paul T.,Isner J.
"[-6, -5, 6, -5, 8, -4, 5, -4, -8]",Garcia-Lopez G.,Isner J.,Isner J.
"[6, -6, 6, 5, 5, 6, -4, -12, 5]",Isner J.,Struff J-L.,Isner J.
"[5, -4, -6, -5, 4, -4, 4, -6, 5, -5]",Tabilo A.,Isner J.,Isner J.
"[5, -5, 6, -12, 6, -6, 4, -8, 8, -5, 6, -5, -6]",Isner J.,Lajovic D.,Isner J.
"[5, -4, 5, -5, 5, -4, 4, -10, 6, -4, 8, -4, -4]",Isner J.,Monteiro T.,Isner J.
"[5, -5, 8, -8, -6, -5, -8, -5]",Istomin D.,Raonic M.,Raonic M.
"[4, -8, 5, 5, 5, -5, 4, -4, 5]",Federer R.,Istomin D.,Federer R.
"[5, 8, 5, 5, 4, -6, 4]",Djokovic N.,Ito T.,Djokovic N.
"[5, 14, 4, -5, 6, -10, 5, -4, 5]",Monfils G.,Ivashka I.,Monfils G.
"[6, -5, -5, -5, 4, -10, -12, -4]",Ivashka I.,Carreno-Busta P.,Carreno-Busta P.
"[6, -6, 5, -6, -4, -6, 4, -5, 8, -8]",Rublev A.,Ivashka I.,Rublev A.
"[-5, -16, 5, -14, 4, 8, 5, -5, 5, -4, 4, -5, 6]",Raonic M.,Johnson S.,Raonic M.
"[4, 5, 8, -8, 4, -6, 4, -5, 5]",Federer R.,Johnson S.,Federer R.
"[10, -4, -5, -4, 6, -5, 16, 6, 4, -4, 6, -10, 5]",Johnson S.,Lajovic D.,Lajovic D.
"[5, -4, 6, -5, 5, 10, 5, -6, 8]",Johnson S.,Evans D.,Johnson S.
"[5, 4, 5, 4, -4, 6, -4, 4]",Fritz T.,Johnson S.,Johnson S.
"[6, 6, 5, -4, 4, -4, -8, -6, 4, -4, 4, -4, -4]",Jung J.,Zverev A.,Zverev A.
"[5, -8, 5, -8, 8, -8, -6, 8, 4, -8, 5, 4]",Jung J.,Krajinovic F.,Jung J.
"[4, -5, 4, -6, 4, -4, 5, -4, 6, -5, 10, 4]",Struff J-L.,Karlovic I.,Struff J-L.
"[4, -5, 4, -8, 6, -5, 4, -4, 6, 5]",Thiem D.,Karlovic I.,Thiem D.
"[5, -10, 4, -4, 5, -5, 5, 6, 5]",Nishikori K.,Karlovic I.,Nishikori K.
"[10, 5, 4, 8, 8, -4, 6]",Bautista-Agut R.,Kecmanovic M.,Bautista-Agut R.
"[4, -12, 5, -5, 5, 6, 5, -4, 5]",Raonic M.,Kecmanovic M.,Raonic M.
"[5, 5, 5, -6, 4, -10, 4, -5, 5]",Rublev A.,Kecmanovic M.,Rublev A.
"[5, -18, 5, 5, 5, 6, -8, 5]",Shapovalov D.,Kecmanovic M.,Shapovalov D.
"[5, -5, -5, -6, 5, -4, 4, -8, -6]",Auger-Aliassime F.,Kecmanovic M.,Kecmanovic M.
"[4, 5, 5, -8, 5, 5, 5]",Medvedev D.,Khachanov K.,Medvedev D.
"[-6, -5, 6, -4, 5, 5, 5, -4, 6, -14, 6, -6, 5]",Nadal R.,Khachanov K.,Nadal R.
"[5, -6, 5, -8, -6, -4, -6, -5]",Khachanov K.,Nishikori K.,Nishikori K.
"[4, -8, 6, 4, 4, -5, 4, -6, -10, -8, 6, -5, 4]",Khachanov K.,Berrettini M.,Berrettini M.
"[6, -8, 4, -4, 6, -6, -6, -4, 5, -4]",Millman J.,Khachanov K.,Millman J.
"[4, -4, 4, -4, 8, -6, 5, -4, 6, -6, 5, -6, 6]",Struff J-L.,Khachanov K.,Struff J-L.
"[6, -4, 5, -5, 5, -5, 8, -5, 5, -5, 5, -6, -4]",Chardy J.,Khachanov K.,Khachanov K.
"[5, 5, 5, -4, 8, -5, 8, -5, -4, -5, 4, -4, 10]",Khachanov K.,Chung H.,Khachanov K.
"[6, -4, -6, -5, 8, -10, -6, -4]",Cuevas P.,Khachanov K.,Khachanov K.
"[6, 5, 10, -4, 6, -8, 5, 8]",Khachanov K.,Durasovic V.,Khachanov K.
"[4, -8, 4, -6, 6, 6, -6, 5, 4]",Khachanov K.,Fognini F.,Khachanov K.
"[5, -8, -6, -5, 6, -5, -6, 8, 4, 5, 14, 6]",Khachanov K.,Travaglia S.,Khachanov K.
"[-4, -4, 6, -5, 6, -8, 4, -5, -14]",Zverev A.,Khachanov K.,Khachanov K.
"[4, -8, 8, -4, -8, 4, -5, -4, 4, 8, 5, -5, -5]",Auger-Aliassime F.,Khachanov K.,Khachanov K.
"[4, 10, 5, -8, -6, 5, 4, -6, 6]",Fognini F.,Khachanov K.,Khachanov K.
"[6, 5, 5, -5, 5, -4, 8, -6, 10]",Fritz T.,Khachanov K.,Khachanov K.
"[4, 6, 6, -5, -6, -4, -5, -6, 6, -4]",Wawrinka S.,Khachanov K.,Khachanov K.
"[5, -4, 8, -6, 8, -5, 4, 6, 5]",Garin C.,King E.,Garin C.
"[4, -5, 6, -6, -14, -4, 5, 4, 4, -5, -6, -6]",Garin C.,King D.,Garin C.
"[8, 6, 4, -6, 12, -5, 6, -6, 8]",King E.,Garin C.,King E.
"[14, 6, -6, 4, -5, 4, -5, 4, -8, 6]",Coric B.,Klahn B.,Coric B.
"[6, -5, 12, -5, 4, -5, 12, 8, 5]",Klahn B.,Shapovalov D.,Shapovalov D.
"[5, -4, -5, -4, 4, -6, -8, -6]",Klahn B.,Nishikori K.,Nishikori K.
"[5, 8, -8, -5, 5, 6, 4, -4, 5]",Koepfer D.,Medvedev D.,Medvedev D.
"[8, -5, 8, -6, 6, 5, 6, -8, 6]",Koepfer D.,Basilashvili N.,Koepfer D.
"[8, 4, 8, 5, 5, 6]",Monfils G.,Kohlschreiber P.,Monfils G.
"[6, 4, -4, 8, -5, 4, -6, 4, -4, 8]",Federer R.,Kohlschreiber P.,Federer R.
"[6, -4, 4, -6, 6, 4, 6, -6, 5]",Kohlschreiber P.,Khachanov K.,Khachanov K.
"[5, -4, -6, -18, 4, -6, 12, -6, -5]",Fognini F.,Kohlschreiber P.,Kohlschreiber P.
"[6, -5, 5, -5, 8, -4, -4, -5, 5, -4]",Kovalik J.,Carreno-Busta P.,Carreno-Busta P.
"[6, -8, -4, 16, 6, -10, 5, -10, 5, -5, 8, 5]",Federer R.,Krajinovic F.,Federer R.
"[8, -5, 8, -6, 6, -6, 6, -6, 4, 10]",Monfils G.,Krajinovic F.,Monfils G.
"[6, 6, 5, -5, -8, 5, 5, -4, 4]",Nadal R.,Krajinovic F.,Nadal R.
"[5, 6, 6, 8, 6, -4, 4]",Federer R.,Krajinovic F.,Federer R.
"[6, -6, -8, -4, 5, -8, 4, -14, 5, -4]",Pouille L.,Krajinovic F.,Pouille L.
"[4, 6, -6, -8, -6, 6, 5, 10, 5]",Stebe C.,Krajinovic F.,Stebe C.
"[8, -6, 6, 6, -5, -4, 8, -5, 6, -5, 4, -10, -5]",Coric B.,Krajinovic F.,Krajinovic F.
"[-10, -5, 4, -8, 10, -4, -14, -4]",Fognini F.,Krajinovic F.,Krajinovic F.
"[-5, 8, -6, -6, 5, -12, -5, 6, -6]",Goffin D.,Krajinovic F.,Krajinovic F.
"[-8, -16, 10, -4, 6, -4, 5, -6, 8, -4]",Goffin D.,Krajinovic F.,Krajinovic F.
"[4, -4, -6, -5, 8, -6, 4, -4, 8, -14]",Griekspoor T.,Krajinovic F.,Krajinovic F.
"[6, -5, 8, -6, 8, -5, 8, -5, 4, -5, 5, -5, 6]",Krajinovic F.,Mahut N.,Krajinovic F.
"[5, 8, -6, -6, -4, -5, -6, 8, -6]",Nishioka Y.,Krajinovic F.,Krajinovic F.
"[4, -4, 8, -4, 8, -6, 6, -4, 4, -5, 8, -5, 5]",Krajinovic F.,Rublev A.,Krajinovic F.
"[14, -4, -12, -5, 6, -4, 6, -5, -6]",Ruud C.,Krajinovic F.,Krajinovic F.
"[5, 8, -5, -4, 4, 8, 6, -5, 5]",Berdych T.,Krajinovic F.,Krajinovic F.
"[12, -12, 5, 6, 6, -6, -6, -4, 12, 6]",Carreno-Busta P.,Krajinovic F.,Krajinovic F.
"[5, -5, 5, 8, 14, -8, 4, -8, -6, -8, 4, -30, -8]",Krajinovic F.,Kijametovic A.,Krajinovic F.
"[10, -5, 4, -4, 5, -6, 5, -6, 5, -6, -4, -5]",Kudla D.,Nishikori K.,Nishikori K.
"[6, -6, -8, -8, 8, 8, 10, -4, -8, -5]",Kudla D.,Schwartzman D.,Schwartzman D.
"[5, -5, 4, -5, 5, 5, -10, -4, 5, -10, 8, 6]",Kudla D.,Lajovic D.,Kudla D.
"[6, -8, 5, 6, -6, 6, -10, -5, 5, -5, 6, -5, -6]",Kukushkin M.,Khachanov K.,Khachanov K.
"[4, -8, 6, 6, 6, 4, -6, -5, 4]",Krajinovic F.,Kukushkin M.,Krajinovic F.
"[5, -8, 4, -4, -8, -5, 6, 8, -5, -6]",Kukushkin M.,Rublev A.,Rublev A.
"[8, 8, -6, 6, 5, 4, 6]",Schwartzman D.,Kukushkin M.,Schwartzman D.
"[5, 10, 5, -5, 4, -8, 4, -14, 8]",Kukushkin M.,Berrettini M.,Berrettini M.
"[6, 12, -4, 6, -6, 6, -4, -5, 5, 8]",Fognini F.,Kukushkin M.,Fognini F.
"[5, 8, 4, -8, 8, -6, 6, -4, 4]",Kukushkin M.,Rublev A.,Rublev A.
"[6, -12, -8, -4, 4, -4, 6, 4, -4, -8]",Coric B.,Kukushkin M.,Kukushkin M.
"[10, -6, 4, 4, 6, -5, 4, -6, 4]",Bautista-Agut R.,Kukushkin M.,Kukushkin M.
"[8, 4, -6, 6, -8, 5, -4, 10, -5, -8, 6, -4, -5]",Lajovic D.,Kwon S.,Kwon S.
"[4, -4, 4, -6, 8, -4, 4, -5, 5, -5, 4, -4, -5]",Raonic M.,Kwon S.,Kwon S.
"[10, 6, 5, 8, 5, -6, 4]",Bautista-Agut R.,Kyrgios N.,Bautista-Agut R.
"[4, -6, 4, -4, 4, -4, 6, -4, 5, 6]",Raonic M.,Kyrgios N.,Raonic M.
"[4, -6, 4, -10, 5, 6, 6, -5, -5, -4, 5, -10, -6]",Khachanov K.,Kyrgios N.,Khachanov K.
"[6, -6, 6, -5, 5, -5, 5, -4, -5, -4]",Dimitrov G.,Kyrgios N.,Kyrgios N.
"[14, -6, 4, 8, 4, 6, -12, -4, 4]",Kyrgios N.,Lajovic D.,Kyrgios N.
"[5, -4, 5, -4, 6, -4, 5, -5, 5, -4, 4, -4, 5]",Kyrgios N.,Medvedev D.,Kyrgios N.
"[6, -5, 6, 5, 8, -5, 10, -5, 6]",Kyrgios N.,Zverev A.,Kyrgios N.
"[6, -6, 4, -5, 5, -8, 6, -5, 6, -5, -14, -6]",Isner J.,Kyrgios N.,Kyrgios N.
"[8, -4, 5, -8, 5, -4, 6, -5, 6, -4, 6, 5]",Kyrgios N.,Wawrinka S.,Kyrgios N.
"[6, -5, 4, -5, 6, 8, 8, 5]",Kyrgios N.,Khachanov K.,Kyrgios N.
"[14, -6, 8, -8, 6, -8, 6, 8, 4]",Struff J-L.,Laaksonen H.,Struff J-L.
"[6, -10, 4, -6, 5, -5, 6, -6, 5, 8]",Shapovalov D.,Laaksonen H.,Shapovalov D.
"[10, -10, -6, 4, 6, 6, -5, 4, -8, 10]",Fognini F.,Lacko L.,Fognini F.
"[6, 5, 8, -4, -10, -10, 5, -8, 5, -8, 5, 5]",Bautista-Agut R.,Lajovic D.,Bautista-Agut R.
"[4, -4, 5, -5, 5, -5, 6, -6, 6, -5, 6, -4, 12]",Cecchinato M.,Lajovic D.,Cecchinato M.
"[4, 6, 5, 14, -6, -5, 4, -20, 5]",Cilic M.,Lajovic D.,Cilic M.
"[4, 5, 6, -6, 6, -8, 5, -6, 4]",Copil M.,Lajovic D.,Copil M.
"[12, 4, -10, 10, -5, 5, -4, 6, 6]",Harris G.,Lajovic D.,Harris G.
"[4, -6, 4, -5, 6, -4, 6, -6, 5, 5]",Herbert P.,Lajovic D.,Herbert P.
"[5, 8, -8, 6, 6, -4, 8, 6]",Medvedev D.,Lajovic D.,Medvedev D.
"[6, -5, 8, -5, 5, -6, 10, -5, 6, -5, 6, -10, 6]",Isner J.,Lajovic D.,Isner J.
"[5, 5, 8, -6, -6, -5, 6, -12, -5, 5, 6, -6, 6]",Lajovic D.,Lopez F.,Lopez F.
"[5, -10, 5, -8, 4, -5, -8, -4, 6, -8]",Lajovic D.,Moutet C.,Moutet C.
"[8, 5, -4, 5, 10, -4, 6, 5]",Paire B.,Lajovic D.,Paire B.
"[4, -4, -6, -5, 4, -8, 4, -5, 6, -5]",Pospisil V.,Lajovic D.,Pospisil V.
"[10, -8, 5, -6, 6, -6, 4, -5, -4, -8]",Tsitsipas S.,Lajovic D.,Tsitsipas S.
"[10, -5, 6, -10, -4, -5, 8, -10, 4, -8]",Auger-Aliassime F.,Lajovic D.,Lajovic D.
"[4, -5, -6, -8, 10, -4, 4, -5, 6, -4]",Istomin D.,Lajovic D.,Lajovic D.
"[8, 8, -8, 6, 5, -4, 5, 6]",Lajovic D.,Jarry N.,Lajovic D.
"[5, -5, 4, -5, 4, -6, 6, -8, 4, -5, 6, 16]",Lajovic D.,Khachanov K.,Lajovic D.
"[4, -4, -12, 4, -6, -6, -12, 5, -5]",Mannarino A.,Lajovic D.,Lajovic D.
"[4, -14, 4, -20, 6, -5, 4, -6, -10, -8]",Norrie C.,Lajovic D.,Lajovic D.
"[-5, -5, 5, -5, -6, -10, 5, -5]",Wu D.,Lajovic D.,Lajovic D.
"[-6, -4, 6, -5, 6, -10, 4, -8, 6, -6]",Cuevas P.,Lajovic D.,Lajovic D.
"[-8, -5, 6, -4, 6, -5, 4, -4, 10, -6]",Dimitrov G.,Lajovic D.,Lajovic D.
"[6, 5, -6, 4, -5, 6, -5, 6, 8]",Harris G.,Lajovic D.,Lajovic D.
"[6, -5, 6, -6, 8, -5, 4, -5, 5, 6]",Lajovic D.,Horansky F.,Lajovic D.
"[-6, -5, -8, -4, 10, -5, 4, -4]",Londero J. I.,Lajovic D.,Lajovic D.
"[5, 4, -6, -10, -10, 6, 5, -4, 6, -8, 4, -4, -14]",Lajovic D.,Mannarino A.,Lajovic D.
"[6, -8, 5, -5, 8, 4, 6, 6]",Nishikori K.,Lajovic D.,Lajovic D.
"[4, -10, 6, -8, 4, -4, -6, 10, -6, -6]",Hurkacz H.,Lee D. H.,Hurkacz H.
"[8, -8, 4, 10, 6, 6, 5]",Carreno-Busta P.,Lenz J.,Carreno-Busta P.
"[4, -4, -10, -5, -6, -5, 8, -6]",Londero J. I.,Evans D.,Evans D.
"[12, -4, 4, -4, 5, -9, 5, -6, -5, -5]",Dimitrov G.,Londero J. I.,Dimitrov G.
"[5, -6, -6, -6, -8, -10, 6, -5]",Lopez F.,Bautista-Agut R.,Bautista-Agut R.
"[4, -6, 4, -6, 4, 8, -4, -6, 4, 5]",Hurkacz H.,Lopez F.,Hurkacz H.
"[4, -6, 5, -6, 5, -4, 6, 14, 4]",Khachanov K.,Lopez F.,Khachanov K.
"[5, -12, 5, -4, -14, -8, 8, -4, 5, -6]",Lopez F.,Schwartzman D.,Schwartzman D.
"[12, -6, 6, -5, 12, -4, 4, 10, -6, -8, 10, -4, -6]",Lopez F.,Medvedev D.,Medvedev D.
"[4, 10, 8, -12, 4, -6, 4, 6]",Basilashvili N.,Maden Y.,Basilashvili N.
"[6, -5, 16, -5, 12, -5, 6, -6, 6, -8, 5, -5, -4]",Mannarino A.,De Minaur A.,De Minaur A.
"[6, -6, 4, -6, -8, -5, -5, -6]",Mannarino A.,Fognini F.,Fognini F.
"[4, -5, 6, -8, 4, -4, 6, -10, 4, -12, 5, 6]",Nadal R.,Mannarino A.,Nadal R.
"[6, -8, 8, -10, 6, -8, 8, -5, 5, -6, -8, -5]",Mannarino A.,Nishikori K.,Nishikori K.
"[6, -6, 6, 12, 6, -6, 5, -12, 6]",Thiem D.,Mannarino A.,Thiem D.
"[4, -4, 5, -6, 5, -8, 5, -4, 5, -4, -5, -4]",Mannarino A.,Carreno-Busta P.,Carreno-Busta P.
"[5, -8, 5, -4, 5, 10, -12, -4, 5, -6, 5, -4, 4]",Dimitrov G.,Mannarino A.,Dimitrov G.
"[5, -4, 5, -16, 5, -6, -8, -8, 5, -6]",Mannarino A.,Evans D.,Evans D.
"[6, -5, 5, -12, 8, -5, 5, -5, 5, -6, 5, -8, 5]",Mannarino A.,Lajovic D.,Mannarino A.
"[5, 4, -4, 5, 14, -6, 5, 6]",Garin C.,Matosevic M.,Garin C.
"[-6, -12, 8, -4, 4, -6, 4, -6, -6]",Raonic M.,McDonald M.,McDonald M.
"[5, -6, 6, -4, 4, -4, 4, -6, -5, -8]",Medvedev D.,Federer R.,Federer R.
"[5, -6, 16, -4, 6, -6, 6, 12, 6]",Krajinovic F.,Medvedev D.,Krajinovic F.
"[-8, -4, 8, 6, 5, -4, 4, -5, 8, 6]",Pospisil V.,Medvedev D.,Pospisil V.
"[-6, -12, 5, -6, 4, 6, 4, -5, 5, 8]",Simon G.,Medvedev D.,Simon G.
"[6, -10, 6, -6, 5, -4, 8, -5, 5, -6, 4, -6, 5]",Tsitsipas S.,Medvedev D.,Tsitsipas S.
"[6, 5, -5, 6, -6, 5, -5, 5, -4, 6]",Zverev A.,Medvedev D.,Zverev A.
"[6, -6, 4, -8, 4, -6, 5, -6, 5, 5]",Medvedev D.,Chardy J.,Chardy J.
"[6, 8, 8, -8, -6, -6, -6, -5, 6, -4]",Medvedev D.,Nishikori K.,Nishikori K.
"[-6, -8, 6, -6, 4, -4, -4, -4]",Carreno-Busta P.,Medvedev D.,Medvedev D.
"[4, -5, 6, -4, -6, -6, 14, -6, -8]",Coric B.,Medvedev D.,Medvedev D.
"[6, -6, -5, -6, 5, -4, 4, 6, 6, -4, -5, -4]",Donskoy E.,Medvedev D.,Medvedev D.
"[6, -8, -4, -6, 10, -8, 4, -5, -6]",Edmund K.,Medvedev D.,Medvedev D.
"[5, -5, 5, -5, -6, -4, -6, -4]",Edmund K.,Medvedev D.,Medvedev D.
"[4, -5, 4, -6, 5, 4, 5, -6, 6]",Medvedev D.,Fognini F.,Medvedev D.
"[-6, -4, 6, -5, -5, -6, 6, -4]",Fognini F.,Medvedev D.,Medvedev D.
"[4, 8, -6, 10, 4, -4, 4, -8, 4]",Medvedev D.,Garin C.,Medvedev D.
"[5, -10, 4, -5, 4, -6, 5, -4, 4, -5, -5, -5]",Gerasimov E.,Medvedev D.,Medvedev D.
"[5, -4, -5, -10, 8, -8, 5, -6, -6]",Goffin D.,Medvedev D.,Medvedev D.
"[4, -6, 4, 6, 6, -5, -5, -12, 5, -5, 4, -6, 5]",Medvedev D.,Goffin D.,Medvedev D.
"[-5, 6, 6, -6, -5, -5, -4, -6]",Gojowczyk P.,Medvedev D.,Medvedev D.
"[5, -6, 8, -4, 4, -6, -6, -5, -5]",Isner J.,Medvedev D.,Medvedev D.
"[10, -5, 4, 4, 4, -4, 4, 6]",Medvedev D.,Nishikori K.,Medvedev D.
"[4, 5, 5, -6, 5, -6, 5, -8, 6]",Medvedev D.,Norrie C.,Medvedev D.
"[5, -5, 4, -6, -6, 12, 5, -8, 5, -4, 5, -4, 14]",Medvedev D.,Paire B.,Medvedev D.
"[5, -5, 5, -5, 14, 6, 10, -4, -5, -8, 4, -4, -5]",Pospisil V.,Medvedev D.,Medvedev D.
"[10, -5, 5, 10, -12, -5, 6, -6, -6, -6]",Rublev A.,Medvedev D.,Medvedev D.
"[6, -5, 5, -6, 5, 12, 4, -6, 4]",Medvedev D.,Ruud C.,Medvedev D.
"[6, 6, 6, -10, 8, -14, 6, 6]",Medvedev D.,Struff J-L.,Medvedev D.
"[5, -5, 6, -6, -6, -5, 6, -4, -6]",Struff J-L.,Medvedev D.,Medvedev D.
"[-5, -4, 5, -5, 4, -5, 6, -5, -6]",Thiem D.,Medvedev D.,Medvedev D.
"[5, 5, 5, -6, -10, -6, 6, -5, 5, 6]",Medvedev D.,Zverev A.,Medvedev D.
"[14, 5, 4, 6, 6, -6, 6]",Fognini F.,Medvedev D.,Medvedev D.
"[4, -10, 8, -10, 6, -4, 6, -6, 5, -8, 5, -5, 6]",Raonic M.,Medvedev D.,Medvedev D.
"[5, 8, 6, -4, 5, 8, 6]",Sinner J.,Medvedev D.,Medvedev D.
"[8, -6, -6, 6, 4, -5, 4, -12, 4, -14, 6, 6]",Nadal R.,Medvedev D.,Nadal R.
"[4, -5, 6, 10, 4, -12, 6, 4]",Wawrinka S.,Medvedev D.,Wawrinka S.
"[-4, -8, 5, 5, 5, -5, 8, -6, 4, -6, 4, -12, -10]",Dimitrov G.,Medvedev D.,Medvedev D.
"[6, -6, 4, 6, 6, -6, -12, -6, 4, -5, 5, 6]",Medvedev D.,Martinez P.,Medvedev D.
"[6, -5, -6, -5, 5, -6, 5, -12, 4, -6]",Popyrin Al.,Medvedev D.,Medvedev D.
"[-8, -5, 4, -4, -5, 8, 4, -8, -5]",Tiafoe F.,Medvedev D.,Medvedev D.
"[6, -6, -22, -8, 8, -8, -6, -4]",Millman J.,Rublev A.,Rublev A.
"[5, -6, -5, -5, -5, 4, -5, -6]",Milojevic N.,Rublev A.,Rublev A.
"[6, 6, 12, 5, -5, 10, 10]",Struff J-L.,Millman J.,Struff J-L.
"[8, -6, 5, 5, 6, -8, 6, -4, 5]",Nadal R.,Millman J.,Nadal R.
"[4, 6, 6, -4, 12, -4, 5, -6, 6]",Millman J.,Paire B.,Paire B.
"[4, -5, 5, 8, 8, -6, 4, -4, -5, 4]",Millman J.,Federer R.,Federer R.
"[8, -4, 5, -6, 6, -6, 10, -4, 12, -6, 10, 6]",Mmoh M.,Bautista-Agut R.,Bautista-Agut R.
"[5, -5, -4, -4, -6, -4, -6]",Molleker R.,Schwartzman D.,Schwartzman D.
"[4, -4, -5, -5, 12, -4, -6, -6]",Monfils G.,Hurkacz H.,Hurkacz H.
"[5, 5, -5, -10, -6, -4, 6, 5, 5, -4, -12, -5]",Monfils G.,Ramos A.,Ramos A.
"[6, -4, -6, -5, 5, -16, 6, -5, -5]",Monfils G.,Schwartzman D.,Schwartzman D.
"[6, 4, -10, 5, -10, 6, -8, 5, 5]",Sinner J.,Monfils G.,Sinner J.
"[5, 6, 6, -4, 6, -8, 6, -8, -4, -5, 10, -4, 6]",Monfils G.,Tiafoe F.,Tiafoe F.
"[8, -5, -6, -5, 5, -4, -6, -6]",Monfils G.,Thiem D.,Thiem D.
"[6, 8, -5, 5, -5, 4, -5, 5, -16, 4]",Isner J.,Monfils G.,Isner J.
"[-6, -5, 8, 6, 6, -8, -12, -5, 5, -4]",Paire B.,Monteiro T.,Paire B.
"[5, -8, 8, -6, -8, -10, -8, -5]",Auger-Aliassime F.,Monfils G.,Monfils G.
"[4, -4, 5, -10, 6, -5, 5, -4, -6, 4, 4, -5, 6]",Monfils G.,Evans D.,Monfils G.
"[8, 6, -10, -8, -8, 6, -5, -5, 6, -8]",Fucsovics M.,Monfils G.,Monfils G.
"[5, 6, 5, -5, 6, -4, 5, -5, 6]",Monfils G.,Garin C.,Monfils G.
"[18, -5, 6, -4, -6, -6, 5, -6, -8]",Gasquet R.,Monfils G.,Monfils G.
"[5, 4, 6, -5, -6, -4, 4, 5, 6]",Monfils G.,Gombos N.,Monfils G.
"[8, -6, 4, -6, 5, -4, 5, -5, 5, -4, 8, -6, 6]",Monfils G.,Krajinovic F.,Monfils G.
"[5, -6, 6, -5, 8, -6, 5, -6, 4, 6]",Monfils G.,Paire B.,Monfils G.
"[6, -5, 5, -6, 6, -6, 8, -6, 8, -8, 6, 6]",Monfils G.,Pospisil V.,Monfils G.
"[6, 12, 8, 6, 6, 4]",Monfils G.,Ramos A.,Monfils G.
"[4, 8, 8, -6, -6, 6, 5, -4, 5]",Monfils G.,Schwartzman D.,Monfils G.
"[4, -18, -8, -5, 5, 6, 5, -6, -5, -6]",Simon G.,Monfils G.,Monfils G.
"[6, 10, 5, -6, -4, 6, 5, -6, 6]",Monfils G.,Sousa J.,Monfils G.
"[4, 5, 8, 6, 12, -6, 6]",Monfils G.,Uchiyama Y.,Monfils G.
"[5, 4, -4, -6, 8, -8, -5, -6, -4]",Wawrinka S.,Monfils G.,Monfils G.
"[14, -6, -4, -4, 8, -8, 4, -5, 6, -6]",Monfils G.,Albot R.,Monfils G.
"[-6, -6, -6, 10, 8, -12, 5, -10, 5, -4]",Bautista-Agut R.,Monfils G.,Monfils G.
"[5, 8, -6, -4, -12, -8, 6, -5, 6, -5]",Monfils G.,Mannarino A.,Monfils G.
"[4, -5, 5, -6, 8, -6, -18, -6, 8, -5]",Mayer L.,Monfils G.,Monfils G.
"[8, -4, 5, -6, 6, -4, 6, -10, 6, -6, -5, -4]",Monfils G.,Norrie C.,Monfils G.
"[6, -5, 5, -4, 10, -6, 5, -5, 10, -10, -5, -6]",Sonego L.,Monfils G.,Monfils G.
"[6, -4, 6, 4, 6, 5, 6]",Monfils G.,Andujar-Alba P.,Monfils G.
"[4, -4, 5, -8, 5, -5, 5, 4, 8]",Monfils G.,Copil M.,Monfils G.
"[5, -4, -12, 6, 4, -4, 4, -5, 4, -8, 6, -6, 4]",Monfils G.,Gulbis E.,Monfils G.
"[12, 6, 4, -6, 5, 4, 5]",Monfils G.,Lu Y.H.,Monfils G.
"[6, -5, -6, 5, 6, -8, 8, -6, 6, -5, 5, -12, 5]",Monfils G.,Ramos A.,Monfils G.
"[6, 5, -5, 12, -5, 6, -6, 8, -5, 6]",Karlovic I.,Monfils G.,Monfils G.
"[-6, 5, 5, -6, 4, -5, -8, 6, 5, -4, 8, -5, 6]",Shapovalov D.,Monfils G.,Monfils G.
"[6, 5, 5, -10, 6, -4, 5, 5]",Rublev A.,Moutet C.,Rublev A.
"[4, 5, -6, -6, 8, -6, 6, 6, 5]",Goffin D.,Moutet C.,Goffin D.
"[4, -4, 4, -4, -6, -5, 4, -8, 6, 5, 5, -6, 4]",Murray A.,Berrettini M.,Murray A.
"[6, 4, 6, -6, 6, -5, 4, -4, 5]",Djokovic N.,Nadal R.,Djokovic N.
"[5, 5, 6, -8, -8, -5, 5, 8, 6]",Djokovic N.,Nadal R.,Djokovic N.
"[-3, -6, -4, 8, -6, -6, -6, 6, -5]",Nadal R.,Djokovic N.,Djokovic N.
"[8, -4, 4, -5, 6, 5, 5, -6, 5]",Djokovic N.,Nadal R.,Djokovic N.
"[5, -5, 8, -5, -4, -5, -8, -5]",Nadal R.,Zverev A.,Zverev A.
"[5, -6, 6, -5, 4, 8, 5, -5, 4]",Nadal R.,Kyrgios N.,Kyrgios N.
"[6, -4, 5, -4, 8, -5, 4, 4, -12, -8, 5, -5, -5]",Nadal R.,Thiem D.,Thiem D.
"[6, 4, -6, -6, -6, -6, -6, 12, -5]",Andujar-Alba P.,Nadal R.,Nadal R.
"[5, -12, -4, 4, -5, 12, -4, -6, -4]",Basilashvili N.,Nadal R.,Nadal R.
"[4, -12, 8, 10, 4, -5, 4, 5]",Nadal R.,Cuevas P.,Nadal R.
"[5, -5, -4, 5, 6, 10, 14, -4, 6]",Nadal R.,Dimitrov G.,Nadal R.
"[6, 4, -4, 4, -4, -8, -8, 4, -4, 10, -4, 4, -5]",Evans D.,Nadal R.,Nadal R.
"[4, -4, 5, -10, 5, -6, 5, 5, 4]",Nadal R.,Fritz T.,Nadal R.
"[12, 5, 6, 4, 6, -5, -6, 4]",Nadal R.,Kecmanovic M.,Nadal R.
"[6, -6, 14, 14, 6, 5, 6]",Nadal R.,Khachanov K.,Nadal R.
"[4, -4, 4, 5, 5, -6, 8, 5]",Nadal R.,Kwon S.,Nadal R.
"[12, -5, 5, 6, 4, -10, 5, -4, 6]",Nadal R.,Medvedev D.,Nadal R.
"[5, -5, 5, -4, -6, 8, 4, -5, -10, 4, 4, -5, 6]",Nadal R.,Nishioka Y.,Nadal R.
"[5, 6, 10, -8, 5, -4, 6, -6, 5]",Nadal R.,Pella G.,Nadal R.
"[4, -8, 5, -10, 4, -16, -8, -6, -6]",Raonic M.,Nadal R.,Nadal R.
"[5, -4, 6, 8, 5, -10, 8, -8, 6]",Nadal R.,Zverev M.,Nadal R.
"[6, -8, -8, -10, -5, -5, 5, -5]",Nadal R.,Fognini F.,Nadal R.
"[5, -6, 5, -8, 5, -4, 8, -4, 5, -4, 5, -4, -5]",Nadal R.,Medvedev D.,Nadal R.
"[5, -8, 6, -4, 5, -4, 4, -8, 6, -4, 5, -5, -5]",Nadal R.,Tsitsipas S.,Nadal R.
"[6, 5, 4, -5, 4, 10, 5]",Nadal R.,Carreno-Busta P.,Nadal R.
"[5, -22, 5, 8, 4, -6, 4, -8, 8]",Nadal R.,Delbonis F.,Nadal R.
"[6, 12, 12, 18, 5, -6, -5, 8]",Nadal R.,Dellien H.,Nadal R.
"[8, -5, 4, 12, 6, -6, 4, -6, 4]",Nadal R.,Kyrgios N.,Nadal R.
"[6, -7, 5, -7, 6, -4, 4, -5]",Fritz T.,Nakashima B.,Fritz T.
"[6, -10, 6, 22, 5, -4, 8, -5, 12]",Anderson K.,Nishikori K.,Anderson K.
"[8, -6, 10, -4, 6, -5, 6, -5, -5, -8]",Nishikori K.,Federer R.,Federer R.
"[5, -6, -6, -4, 6, -6, 4, -8, 5, 6, 10, -5, -4]",Nishikori K.,Nishioka Y.,Nishioka Y.
"[5, 10, 5, -5, 5, -8, 4, -8, 4]",Djokovic N.,Nishikori K.,Djokovic N.
"[4, 6, 5, -6, 4, -4, 4, -8, 4]",Djokovic N.,Nishioka Y.,Djokovic N.
"[4, 6, -10, 6, -14, 6, -5, 6, 6]",Khachanov K.,Nishioka Y.,Khachanov K.
"[5, -4, -10, -4, -6, -10, 5, -4]",Bachinger M.,Nishikori K.,Bachinger M.
"[6, -4, -6, -5, 5, -6, 6, -5, 4, -6]",Hurkacz H.,Nishikori K.,Hurkacz H.
"[5, -4, 8, -4, 8, -4, 6, -4, -6, 6, 5, 4]",Hurkacz H.,Nishikori K.,Hurkacz H.
"[4, 8, 6, 8, -8, -10, 5, 8]",Wawrinka S.,Nishikori K.,Wawrinka S.
"[5, 5, 8, -5, 12, -12, 5, 6]",Nishioka Y.,Basilashvili N.,Nishioka Y.
"[5, -5, -8, -5, 6, 12, 8, -5, 6, -6, 5, -8, -5]",Bautista-Agut R.,Nishioka Y.,Nishioka Y.
"[6, -4, 8, -6, 4, -6, 4, -4, 5, -4, -6, -10]",De Minaur A.,Nishioka Y.,Nishioka Y.
"[5, -5, 5, -6, 4, -5, 5, 5, -8, -5, -5, -5]",Fritz T.,Nishioka Y.,Nishioka Y.
"[8, -8, 5, 4, -4, -10, 6, 10, 5]",Nishikori K.,Fucsovics M.,Nishikori K.
"[6, -5, 5, 6, 6, 6, -6, -5, 4]",Nishioka Y.,Garin C.,Nishioka Y.
"[4, -5, 5, -5, 5, -10, 5, -8, 4, -8, 8, -4, 10]",Nishikori K.,Gasquet R.,Nishikori K.
"[8, -8, 14, -6, 5, -10, 5, -4, 5, -5, 6, -5, -4]",Gojowczyk P.,Nishikori K.,Nishikori K.
"[4, 4, 4, 10, 4, -4, 6]",Nishikori K.,Gulbis E.,Nishikori K.
"[8, 6, 5, 4, 5, -8, 5]",Nishikori K.,Harrison C.,Nishikori K.
"[5, -5, 5, -6, 4, -10, 5, -5, 6, 12]",Nishikori K.,Kukushkin M.,Nishikori K.
"[4, -8, -6, -20, 4, -6, 6, -5, 6, -6]",Paire B.,Nishikori K.,Nishikori K.
"[16, -4, -10, -6, 5, -4, 8, -4, -14]",Basilashvili N.,Nishikori K.,Nishikori K.
"[5, 5, -6, 6, -5, -5, 4, -8, 8, -8, -4, 5, 5]",Goffin D.,Nishioka Y.,Nishioka Y.
"[5, -4, 6, -6, 8, -4, 22, 5, 5]",Herbert P.,Nishikori K.,Nishikori K.
"[6, -5, 4, 5, -8, -6, 5, -8, 5, 10]",Nishikori K.,Mannarino A.,Nishikori K.
"[8, 6, -5, 6, 5, -4, 4, -4, 5]",Nishikori K.,Kohlschreiber P.,Nishikori K.
"[4, -10, 6, -8, 4, -5, 5, 5, 5]",Raonic M.,Norrie C.,Raonic M.
"[5, 6, -5, 4, -8, 6, -4, 4, -5, -6, -6, 5, 5]",Zverev A.,Norrie C.,Zverev A.
"[6, -5, 5, -5, 6, -6, 5, -5, 5, -6, 6, -10, -6]",Norrie C.,Zverev A.,Zverev A.
"[4, -5, 8, -12, -8, -6, 4, -5, 8, 5, 4, -5, -8]",Norrie C.,Schwartzman D.,Schwartzman D.
"[5, -6, -10, 5, -6, -8, -5, -10]",Norrie C.,Lajovic D.,Lajovic D.
"[4, 5, -5, 6, -16, 4, -5, 5, -6, -5, -12, 6, -8]",Schwartzman D.,Norrie C.,Norrie C.
"[5, -6, 6, -5, 6, -8, 8, -5, 8, -8, 6, 6]",Norrie C.,Struff J-L.,Norrie C.
"[4, 18, 4, -5, -6, 12, 6, -10, 6]",Rublev A.,O'Connell C.,Rublev A.
"[4, -5, 5, -4, -6, -4, 5, -6, 4, -5]",Opelka R.,Auger-Aliassime F.,Auger-Aliassime F.
"[5, -4, 6, -4, 5, -4, 6, -5, 12, -4, 6, -5, -6]",Opelka R.,De Minaur A.,De Minaur A.
"[4, -4, 5, -5, 4, -10, -5, -4, 6, 6, 5, -5, -5]",Opelka R.,De Minaur A.,De Minaur A.
"[8, -5, 6, -4, 4, -4, 6, -8, 6, -5, 6, -5, 5]",Opelka R.,Evans D.,Opelka R.
"[4, -8, 4, -6, 4, -6, 6, 6, 4]",Opelka R.,Lajovic D.,Opelka R.
"[6, -5, -6, 6, 4, -5, 4, 6, 8]",Opelka R.,Bautista-Agut R.,Opelka R.
"[6, -5, 4, -5, 10, -6, -14, -4, 4, -5]",Opelka R.,Coric B.,Opelka R.
"[6, 8, -6, 5, -5, 5, -4, 5, -5, 5]",Raonic M.,Opelka R.,Opelka R.
"[5, 5, -4, -4, 6, 6, -5, -12, 8, 5]",Opelka R.,Schwartzman D.,Opelka R.
"[4, -5, 4, -4, 4, -4, 4, -6, -5, -4]",Opelka R.,Struff J-L.,Opelka R.
"[8, -5, 5, -6, 8, -5, 5, 4, 4]",Opelka R.,Fognini F.,Fognini F.
"[4, -20, 6, -4, 10, 4, 5, -6, -8, -5, 4, -8, 8]",Gasquet R.,Paire B.,Gasquet R.
"[8, -8, -5, 5, 10, -4, -5, -5, -8]",Paire B.,Laaksonen H.,Laaksonen H.
"[4, -6, 6, -12, -6, -6, 5, -6, 6, -6]",Paire B.,Marcora R.,Marcora R.
"[6, 5, 4, 8, 10, -8, -5, -4, 4]",Nishikori K.,Paire B.,Nishikori K.
"[6, -6, 6, -5, 4, -6, -5, -6, 8, 10, 5, -4, 8]",Wawrinka S.,Paire B.,Wawrinka S.
"[-6, -5, 4, -4, 5, -8, -6, -6]",Anderson K.,Paire B.,Anderson K.
"[5, -10, 6, -5, -5, -5, 8, -5, -8]",Bublik A.,Paire B.,Bublik A.
"[4, 12, 5, -6, 6, -6, 4, -8, 5]",Carreno-Busta P.,Paire B.,Carreno-Busta P.
"[6, 6, 6, -6, -6, 8, -6, -5, 4, -4, 6, -10, 4]",Humbert U.,Paire B.,Humbert U.
"[10, 6, -8, 6, 5, -8, 6, -10, 6]",Hurkacz H.,Paire B.,Hurkacz H.
"[5, -5, -6, -5, 5, -5, 4, -4, 4, -4]",Barrere G.,Paire B.,Paire B.
"[5, 5, 5, -4, 8, -4, -8, -6, 10, -5, 4, -5, -6]",Barrere G.,Paire B.,Paire B.
"[4, -10, -5, -5, 5, 5, 5, -12, 5, -8, -5, -5]",Dzumhur D.,Paire B.,Paire B.
"[5, 6, 6, -4, 4, -5, -10, 8, 8]",Paire B.,Gunneswaran P.,Paire B.
"[4, -5, 4, -5, 6, -6, 8, -8, 8, -6, 6, -6, -6]",Isner J.,Paire B.,Paire B.
"[8, 5, -6, -8, 10, -10, -14, 6, 5, -6, -5, 5]",Carreno-Busta P.,Paire B.,Paire B.
"[8, -4, 5, -5, 5, 5, 4, -6, 4]",Gasquet R.,Paire B.,Paire B.
"[5, -10, 4, -6, -4, 5, 4, 6, 4]",Humbert U.,Paire B.,Paire B.
"[-5, 12, 6, -6, 8, -6, 10, -4, 10, -8, 6, -6, 8]",Jarry N.,Paire B.,Paire B.
"[4, -6, 5, 10, 8, 6, 5]",Johnson S.,Paire B.,Paire B.
"[5, -4, -8, 4, 8, 5, 8, 6]",Cilic M.,Paire B.,Cilic M.
"[6, 8, 5, -5, 5, -12, -8, -5, -6, -5]",Stebe C.,Paire B.,Paire B.
"[-5, 6, 4, -5, 6, -6, -6, -6, 14, 12, 5, -10, 6]",Fognini F.,Paul T.,Fognini F.
"[4, -6, 8, 6, -8, -6, -6, -4, 5, -5]",Paul T.,Garin C.,Garin C.
"[5, -8, -8, 5, 5, 8]",Hurkacz H.,Paul T.,Hurkacz H.
"[6, 6, 5, -14, 6, -5, 18, -5, 5]",Paul T.,Zverev A.,Paul T.
"[4, -6, 5, -8, 4, -10, 6, -6, -4, -5]",Dimitrov G.,Paul T.,Paul T.
"[8, -5, -4, -5, -6, 5, -6, -5]",Pella G.,Khachanov K.,Khachanov K.
"[5, -10, 4, -4, 6, -5, 16, -5, 4, -5, 4, -5, -5]",Pella G.,Fognini F.,Fognini F.
"[8, -10, -6, 6, 5, -8, -6, -6, -6]",Pella G.,Carreno-Busta P.,Carreno-Busta P.
"[4, -12, 6, -5, -6, -4, 5, -8, 6, -6]",Goffin D.,Pella G.,Pella G.
"[8, 5, 6, 6, -5, 6, 4]",Auger-Aliassime F.,Pervolarakis M.,Auger-Aliassime F.
"[4, 4, -6, 5, -5, 6, -5, 6, -4, 5]",Berrettini M.,Polmans M.,Berrettini M.
"[6, -10, -5, -8, 10, -4, -5, -8]",Polmans M.,Lajovic D.,Lajovic D.
"[6, -5, 5, 6, 4, -10, -6, -6, 6, -10, 5, -4, -8]",Monfils G.,Polansky P.,Monfils G.
"[5, -4, -12, -5, 5, -6, -16, -5]",Popyrin Al.,Fognini F.,Fognini F.
"[5, 5, -8, 5, -8, 4, -8, 5, 10]",Zverev A.,Popyrin Al.,Zverev A.
"[4, -5, 8, -8, 5, -4, 6, -6, -8, -14]",Pospisil V.,Krajinovic F.,Krajinovic F.
"[4, -10, -10, -6, 12, -5, 4, -4, 6, -6]",Pospisil V.,Shapovalov D.,Shapovalov D.
"[6, -4, 6, -4, 4, -6, 8, -4, 6, -5, -5, -4]",Pospisil V.,Tsitsipas S.,Tsitsipas S.
"[6, -5, 8, -8, 6, 6, 18, 5]",Pospisil V.,Lajovic D.,Lajovic D.
"[5, -5, 4, -4, 6, -5, 12, -4, 4, -4, 6, -5, 6]",Pospisil V.,Raonic M.,Pospisil V.
"[4, -5, 4, -12, 6, -6, 8, -5, 4, -6, 4, -5, 4]",Pospisil V.,Schwartzman D.,Pospisil V.
"[4, 5, 4, -4, 5, -5, 6, 6]",Pospisil V.,Shapovalov D.,Pospisil V.
"[6, -5, 5, 10, 10, -8, 4, -5, 8]",Pospisil V.,Goffin D.,Pospisil V.
"[6, -4, 5, -4, -5, -4, 5, -4, 5, -4]",Pospisil V.,Khachanov K.,Pospisil V.
"[5, -5, -6, -4, 8, -8, 12, -5, 4, -6]",Del Potro J.,Basilashvili N.,Basilashvili N.
"[5, -6, 5, -6, 4, -6, 6, -5, 5, -4, 5, 8]",Isner J.,Pouille L.,Isner J.
"[4, -8, -6, -4, 6, -5, 6, -5, 5, -6]",Pouille L.,Raonic M.,Raonic M.
"[5, -6, 8, -4, 6, -4, 5, -4, 8, -14, 6, -4, -5]",Pouille L.,Khachanov K.,Pouille L.
"[6, -6, 8, -4, 4, -8, 4, -6, 5, -6, 5, -5, 5]",Querrey S.,Nishikori K.,Nishikori K.
"[4, -6, 4, -5, 12, -10, 10, -6, 8, -5, 10, -5, 12]",Raonic M.,Querrey S.,Raonic M.
"[6, -4, -5, -5, 5, -5, 4, -5, -5]",Querrey S.,Rublev A.,Rublev A.
"[5, -5, -5, 5, -5, 8, -12, 4, -4, 4, -6, 8, 8]",Rublev A.,Querrey S.,Rublev A.
"[8, -5, 4, -5, 4, -10, 5, -6, 5, -4, 8, -6, -5]",Querrey S.,Zverev A.,Zverev A.
"[4, -5, 12, -6, 5, -6, 4, -4, 6, -10, 4, -5, -10]",Dimitrov G.,Querrey S.,Querrey S.
"[4, 8, 5, -5, -4, 6, -10, 5, -4, -6, -6, 4, -8]",Schwartzman D.,Querrey S.,Querrey S.
"[4, -14, 6, -4, 4, 10, 10, -4, 4]",Querrey S.,Coric B.,Querrey S.
"[16, -4, 5, -4, -10, -4, -6, -6]",Ramos A.,Federer R.,Federer R.
"[-5, -12, 5, 6, 8, -5, 5, -6, 4, -8, 5, 5]",Isner J.,Ramos A.,Isner J.
"[4, 6, -4, 4, -6, 5, -4, -5, 10, 5]",Krajinovic F.,Ramanathan R.,Krajinovic F.
"[6, -8, 5, 6, 6, 8, 6]",Basilashvili N.,Ramos A.,Basilashvili N.
"[6, -8, 5, -5, -6, -6, 6, -5, 5, -6]",Raonic M.,Edmund K.,Edmund K.
"[4, -6, 4, -6, -5, -5, 4, -8, 6, -10]",Raonic M.,Gojowczyk P.,Gojowczyk P.
"[4, -14, 4, -6, 4, -4, 4, -4, 4, -5, 12, -8, -4]",Raonic M.,Melzer J.,Melzer J.
"[6, -8, 6, -4, 5, -6, 10, -5, 5, -12, 4, -6, -4]",Raonic M.,Moutet C.,Moutet C.
"[6, -8, 6, -5, 5, -4, 4, -4, 4, -4, 2, -5, 5]",Raonic M.,Nishikori K.,Nishikori K.
"[4, -8, -6, -8, 14, -5, 10, -5, 4, -4]",Raonic M.,Wawrinka S.,Wawrinka S.
"[4, -5, 4, -14, 4, -8, 8, -12, 5, 16]",Djokovic N.,Raonic M.,Djokovic N.
"[5, -6, 6, -6, 4, -8, -6, -10, 10, -6]",Raonic M.,Struff J-L.,Struff J-L.
"[4, -5, 6, -4, 8, -5, 8, -5, 6, -5, 10, -5, 5]",Thiem D.,Raonic M.,Thiem D.
"[4, 5, 4, -5, 10, -4, 6, -5, -5, -5, 8, -6, -5]",Raonic M.,Pouille L.,Pouille L.
"[6, 8, 4, -8, 6, -6, 5, -4, 4]",Raonic M.,Harrison R.,Raonic M.
"[5, -5, 5, 5, 8, -4, 5, -4, 6]",Raonic M.,Kecmanovic M.,Raonic M.
"[5, -5, 5, -8, 4, -5, 4, -5, 5, -4, 12, -5, -10]",Raonic M.,Kohlschreiber P.,Raonic M.
"[-8, -6, -4, 6, 5, 8, -4, 6]",Raonic M.,Kwon S.,Raonic M.
"[5, -6, 4, 6, 8, 6, 4]",Raonic M.,Smyczek T.,Raonic M.
"[5, -6, 4, -4, 4, -10, 5, -6, 4, -8, 6, -5, -6]",Raonic M.,Tsonga J-W.,Raonic M.
"[5, -4, 6, -4, 6, -4, 12, -6, 5, 5]",Raonic M.,Cilic M.,Raonic M.
"[5, 5, -5, 6, -5, 6, -4, 5, -4, 6]",Lajovic D.,Rosol L.,Lajovic D.
"[4, 8, -6, 4, 8, 6, -8, -5, 5]",Basilashvili N.,Rublev A.,Basilashvili N.
"[6, 6, -8, 8, 6, 14, -4, 20]",Evans D.,Rublev A.,Evans D.
"[8, -8, 6, -4, 5, 4, 8, -6, 4]",Fognini F.,Rublev A.,Fognini F.
"[-8, -5, 5, 5, 6, -10, 8, -6, 6, -4, 5, 8]",Khachanov K.,Rublev A.,Khachanov K.
"[6, 8, 6, 6, -6, -6, 6, 5]",Medvedev D.,Rublev A.,Medvedev D.
"[6, 4, 6, -6, 4, -6, 6, -4, 8]",Shapovalov D.,Rublev A.,Shapovalov D.
"[5, -8, 4, 10, 4, 6, 8]",Berrettini M.,Rublev A.,Berrettini M.
"[5, -6, 4, -5, 5, -4, -5, -6, 4, -6]",Rublev A.,Zverev A.,Zverev A.
"[6, -5, 12, 6, 6, -4, 6, -5, -4, 6]",Rublev A.,Tsonga J-W.,Tsonga J-W.
"[4, -12, 6, 4, -5, -6, 5, -5, 6, -5, 6, -4, -8]",Chung H.,Rublev A.,Rublev A.
"[5, -8, 6, -4, 4, -6, 6, 6, -8, -8, -12, -10]",Cilic M.,Rublev A.,Rublev A.
"[8, -5, 5, -5, -12, -4, 14, -5, 5, -5]",Coric B.,Rublev A.,Rublev A.
"[16, -6, 14, 6, 10, -6, -6, 10, -10, -5, -6, 5, -5]",Krajinovic F.,Rublev A.,Rublev A.
"[-5, -5, 6, -6, 6, -10, 4, -4, 5, -6]",Mannarino A.,Rublev A.,Rublev A.
"[-8, 5, -6, -8, 6, -6, 6, -5, 6, -6]",Musetti L.,Rublev A.,Rublev A.
"[10, -4, 5, -4, 5, -8, 8, -16, 4, -4, 5, -6, -4]",Auger-Aliassime F.,Rublev A.,Rublev A.
"[12, -6, 4, -6, 6, -4, 6, -5, 6, -8, 6, -5, -5]",Rublev A.,Basilashvili N.,Rublev A.
"[8, -5, -4, -5, -5, -5, -6]",Bublik A.,Rublev A.,Rublev A.
"[6, -18, 8, -5, 10, -5, 6, -6, 4, -5, 4, -4, -6]",Rublev A.,Ramos A.,Rublev A.
"[4, -4, 4, -4, 5, -4, 5, -5, 4, -6, 5, -4, 10]",Rublev A.,Kyrgios N.,Rublev A.
"[5, -4, 6, 6, 4, -5, 8, -6, 5]",Ruud C.,Coric B.,Coric B.
"[6, -6, 8, -8, 4, 5, 4, 6]",Shapovalov D.,Sandgren T.,Shapovalov D.
"[6, -5, 4, 6, 4, -6, -10, -4, -8, -4]",Fritz T.,Sandgren T.,Fritz T.
"[4, -6, 4, -4, 4, -5, 4, -8, 5, -6, 6, -5, -5]",Sandgren T.,Isner J.,Isner J.
"[10, -8, 5, -8, 5, 6, 6, -6, 5]",Federer R.,Sandgren T.,Federer R.
"[6, -4, 8, -4, 6, -4, 12, -6, 5, -5, 6, -6, 4]",Sandgren T.,Fognini F.,Sandgren T.
"[6, 6, -6, 4, -4, -8, -6, 8, -8, 5, -5, 6, 8]",Gasquet R.,Schwartzman D.,Gasquet R.
"[4, -6, 8, -5, 4, -10, 6, 6, 5]",Nadal R.,Schwartzman D.,Nadal R.
"[5, -6, 5, -4, 5, 10, -8, 10, 4]",Querrey S.,Schwartzman D.,Querrey S.
"[8, -6, 5, -6, 4, -6, 6, 8, 6]",Djokovic N.,Schwartzman D.,Djokovic N.
"[4, 16, 5, 6, -6, -4, -5, -5, 12, 6]",Nadal R.,Schwartzman D.,Nadal R.
"[5, -5, -6, -5, 8, -4, -6, -5]",Schnur B.,Paire B.,Paire B.
"[-6, -4, 8, -8, 12, -6, 5, -4, 4, -6]",Hurkacz H.,Schwartzman D.,Hurkacz H.
"[5, -4, 6, -5, 5, 4, 6, -5, -18, 4]",Medvedev D.,Schwartzman D.,Medvedev D.
"[5, 8, -5, -6, -8, 6, -6, -10, -4]",Carballes Baena R.,Schwartzman D.,Schwartzman D.
"[-5, -5, -6, -4, 6, -4, 6, -5]",Garcia-Lopez G.,Schwartzman D.,Schwartzman D.
"[12, -5, 5, -5, 5, 12, -5, -5, -8, -5]",Herbert P.,Schwartzman D.,Schwartzman D.
"[12, 5, 5, -4, -6, 4, -5, 5, -8, -8, -6, 6, -10]",Khachanov K.,Schwartzman D.,Schwartzman D.
"[5, 6, 5, 5, 4, -8, 4]",Schwartzman D.,Nishioka Y.,Schwartzman D.
"[8, -12, 14, -12, 4, 14, 6, -14, 8]",Schwartzman D.,Pella G.,Schwartzman D.
"[6, -6, 4, -8, 12, 14, -6, -5, 12, -6, 8, -4, 10]",Querrey S.,Schwartzman D.,Schwartzman D.
"[-6, 6, 5, -6, -4, -5, 5, 18, -5, -6]",Verdasco F.,Schwartzman D.,Schwartzman D.
"[5, 4, 12, -5, 8, 8, 5]",Schwartzman D.,Davidovich Fokina A.,Schwartzman D.
"[16, -6, -6, -6, -6, 5, 4, -4, 8, -5]",Gerasimov E.,Schwartzman D.,Schwartzman D.
"[-5, -6, 6, -8, 5, -12, 4, -5, -10]",Haase R.,Schwartzman D.,Schwartzman D.
"[5, -6, 5, -5, -5, -8, 6, -6, 4, -4]",Harris G.,Schwartzman D.,Schwartzman D.
"[6, -4, 4, -4, 8, 8, 5, 6]",Schwartzman D.,Lajovic D.,Schwartzman D.
"[6, -4, 10, -6, 5, -6, -6, -8, 5, -5]",Sandgren T.,Schwartzman D.,Schwartzman D.
"[8, -14, 14, -5, 4, 5, 5, 4]",Bautista-Agut R.,Seppi A.,Bautista-Agut R.
"[-10, -12, 12, -12, 5, 6, 5, -8, 6, -4, 5, 6]",De Minaur A.,Seppi A.,De Minaur A.
"[5, 8, 4, -6, 4, 6, 6]",Dimitrov G.,Seppi A.,Dimitrov G.
"[8, 8, -6, -6, -5, -6, 5, -5, 6, 6, 6, -5, -6]",Schwartzman D.,Seppi A.,Seppi A.
"[16, -6, -6, -14, 8, -5, 5, -5, -16]",Seppi A.,Khachanov K.,Seppi A.
"[4, 6, 6, -8, -5, -5, 4, -6, -10, -5]",Wawrinka S.,Seppi A.,Wawrinka S.
"[10, -6, 6, -8, -6, -8, -5, -4]",Shapovalov D.,Basilashvili N.,Basilashvili N.
"[10, -4, 4, -4, 6, 4, 5, -4, 4]",Carreno-Busta P.,Shapovalov D.,Carreno-Busta P.
"[8, 10, 5, -8, 6, -4, 4, -6, 5]",Dimitrov G.,Shapovalov D.,Dimitrov G.
"[10, 5, -10, 10, -5, 5, -4, 5, -4, 5]",Pouille L.,Shapovalov D.,Pouille L.
"[6, -8, 14, -5, 5, -6, 12, -8, 5, -5, 6, -8, -10]",De Minaur A.,Shapovalov D.,De Minaur A.
"[4, -8, 4, -6, 5, -10, 5, -5, -6, -4]",Shapovalov D.,Thiem D.,Thiem D.
"[14, 6, -4, 6, -8, 4, -4, 6, 8]",Fucsovics M.,Shapovalov D.,Fucsovics M.
"[8, -8, 5, -4, -8, -5, 4, -5, 8, -4]",Cilic M.,Shapovalov D.,Shapovalov D.
"[6, -8, 4, -8, 5, -6, 6, 8, 6]",Shapovalov D.,Johnson S.,Shapovalov D.
"[-6, -22, 4, -5, 12, -8, 5, -4, 5, -5]",Kecmanovic M.,Shapovalov D.,Shapovalov D.
"[4, -6, -5, -5, 8, -5, 10, -4, 10, -5]",Krajinovic F.,Shapovalov D.,Shapovalov D.
"[8, -5, -6, -4, -8, -5, 6, -6]",Monfils G.,Shapovalov D.,Shapovalov D.
"[6, -10, 6, -8, 8, -5, 4, -5, -5, -5]",Popyrin Al.,Shapovalov D.,Shapovalov D.
"[5, -8, 6, -4, 5, 6, 5, -6, 4]",Shapovalov D.,Rublev A.,Shapovalov D.
"[-6, -5, -6, -4, -4, -5]",Stebe C.,Shapovalov D.,Shapovalov D.
"[4, -10, 4, -6, -8, -4, 5, -4, 6, -6]",Shapovalov D.,Evans D.,Shapovalov D.
"[5, -16, 10, 5, -5, 6, 4, -4, 5]",Fognini F.,Shapovalov D.,Shapovalov D.
"[5, -8, 4, -4, 4, -5, 4, -6, 5, -4, 8, -8, -4]",Shapovalov D.,Tiafoe F.,Shapovalov D.
"[4, -5, -6, -6, -8, -5, -5]",Auger-Aliassime F.,Shapovalov D.,Shapovalov D.
"[5, -10, 6, -6, 8, 4, 4, -5, -10, -4, -6, -8]",Simon G.,Auger-Aliassime F.,Auger-Aliassime F.
"[4, 8, 5, -4, 4, -8, 5, -12, 16]",De Minaur A.,Simon G.,De Minaur A.
"[6, -6, -6, 8, 8, -10, 10, -6, -5, -6]",Simon G.,Schwartzman D.,Schwartzman D.
"[5, -5, -4, -4, 6, -10, -4, 10, -4]",Simon G.,Thiem D.,Thiem D.
"[6, -4, 8, -5, 6, -4, 14, 4, 6]",Monfils G.,Sinner J.,Monfils G.
"[-5, -5, 6, 8, 4, 6, 4, -8, 6]",Wawrinka S.,Sinner J.,Wawrinka S.
"[5, -5, -5, -6, 6, -4, 8, -5, 8, -5]",Sinner J.,Paire B.,Paire B.
"[8, -4, -6, -4, 6, 6, 5, -5, 5, -10, 8, -6, 6]",Sinner J.,Bautista-Agut R.,Sinner J.
"[16, -6, -4, 8, -6, 4, -10, 12, -4, 6, -6, 5, -10]",Goffin D.,Sinner J.,Sinner J.
"[5, -5, 5, 6, 4, -6, 5, -6, 4]",Sinner J.,Khachanov K.,Sinner J.
"[5, -4, 4, -7, 6, -6, 4, -5]",Fritz T.,Sock J.,Sock J.
"[8, -8, 5, -10, 6, -5, 6, -5, 6, -5, 4, 12]",Hurkacz H.,Sonego L.,Hurkacz H.
"[5, -5, 4, -5, 5, -6, 6, -6, 4, -5, 4, -6, 8]",Isner J.,Sonego L.,Isner J.
"[6, -6, -8, -5, -4, 4, 6, -6, -6]",Sousa P.,Garin C.,Garin C.
"[6, 6, -4, -6, -6, 4, -4, 5, -8, 6, -8, 4, 5]",Nishikori K.,Sousa J.,Nishikori K.
"[10, -4, -12, -4, 4, -6, 6, -5, 5, -14]",Krajinovic F.,Sousa J.,Krajinovic F.
"[-5, -6, 6, -6, 8, -8, -6, -5]",Shapovalov D.,Sousa J.,Shapovalov D.
"[6, -5, 5, -10, 8, 8, -5, -5, 12, -4, 5, -4, 16]",Sousa J.,Khachanov K.,Sousa J.
"[5, -5, -10, -5, 8, -8, 6, -4, 5, -5]",Auger-Aliassime F.,Sousa J.,Sousa J.
"[6, -5, -6, 10, 8, 5, 4, 5]",Krajinovic F.,Sousa J.,Sousa J.
"[5, -6, 5, -4, 6, -4, 6, -6, 8, -5, 10, 6]",Raonic M.,Stebe C.,Raonic M.
"[5, 5, -8, 5, 8, 5, -4, 6]",Berrettini M.,Struff J-L.,Berrettini M.
"[5, 5, 5, -4, 8, -6, 6, -5, 5]",Bolt A.,Struff J-L.,Bolt A.
"[4, -4, -6, 5, 4, -5, -6, -12, 12, -5]",Struff J-L.,De Minaur A.,De Minaur A.
"[4, -4, 12, -6, -8, -6, 6, -4, 6, -10]",Struff J-L.,Fucsovics M.,Fucsovics M.
"[5, 5, 12, -5, 5, -5, -4, -5, 6, -4, 4, -5, 8]",Haas T.,Struff J-L.,Haas T.
"[6, -5, 8, -4, -6, -5, 5, -5, 5, 6, 8, -10, 6]",Herbert P.,Struff J-L.,Herbert P.
"[4, -5, 5, -4, -6, -4, 4, -4, 5, -5]",Struff J-L.,Kyrgios N.,Kyrgios N.
"[6, 6, 5, 10, -6, -5, -8, -8, -6, -5]",Struff J-L.,Nijboer R.,Nijboer R.
"[5, -4, 4, -6, 8, -4, 12, -4, 6, 6]",Raonic M.,Struff J-L.,Raonic M.
"[10, -4, 4, -4, 5, -6, 6, -6, 5, -8, 5, -10, 4]",Tsitsipas S.,Struff J-L.,Tsitsipas S.
"[4, 6, -12, -5, -5, 8, 16, 6, 4]",Zverev M.,Struff J-L.,Zverev M.
"[5, -8, 8, -5, 12, -6, 4, -4, -4, -4]",Isner J.,Struff J-L.,Isner J.
"[12, -10, 4, -6, -6, 8, 8, 6, 6]",Kamke T.,Struff J-L.,Kamke T.
"[6, -5, 5, -4, -5, -4, 6, -5, 8, -4]",Soeda G.,Struff J-L.,Soeda G.
"[8, -4, 8, -6, 5, -8, 8, -5, 6, 6]",Struff J-L.,Tsitsipas S.,Tsitsipas S.
"[4, 6, 4, -12, 6, -5, 4, 6]",Struff J-L.,Tsonga J-W.,Tsonga J-W.
"[5, -6, 4, -5, 5, 5, 5, -10, -6, -4, 5, -5, 5]",Djokovic N.,Struff J-L.,Djokovic N.
"[5, -5, 4, 10, 8, 8, 5]",Struff J-L.,Auger-Aliassime F.,Struff J-L.
"[8, -5, -5, -4, -6, -5, -4]",Basilashvili N.,Struff J-L.,Struff J-L.
"[6, 4, 4, 6, 4, -6, 5]",Struff J-L.,Basilashvili N.,Struff J-L.
"[5, -5, 5, -14, 5, -6, 5, -4, -6, -6]",Caruso S.,Struff J-L.,Struff J-L.
"[8, -8, 12, -8, 4, -5, 5, -5, 8, 6]",Struff J-L.,Kecmanovic M.,Struff J-L.
"[-10, -8, 6, -4, -5, -5, 6, -5]",Krawietz K.,Struff J-L.,Struff J-L.
"[4, -5, 5, -5, 8, -8, -10, -4, 5, -4]",Lenz J.,Struff J-L.,Struff J-L.
"[5, -6, 8, -5, 8, -10, -8, -4, 5, -6]",Mmoh M.,Struff J-L.,Struff J-L.
"[5, -5, 8, -10, -8, 6, 6, -4, 5, 8]",Struff J-L.,Pervolarakis M.,Struff J-L.
"[5, -8, 4, -5, 8, -8, 6, -8, 6, 5]",Struff J-L.,Travaglia S.,Struff J-L.
"[8, -10, 5, -10, 5, 6, 4, 4]",Struff J-L.,Tsonga J-W.,Struff J-L.
"[8, -5, 6, -5, 6, 5, 12, -5, 6]",Berankis R.,Struff J-L.,Struff J-L.
"[6, 5, -10, 5, 10, 8, -6, -6, -5, 6]",Nishioka Y.,Struff J-L.,Struff J-L.
"[4, -6, 8, -6, 8, -6, -6, -4, 4, -4]",Tsitsipas S.,Struff J-L.,Struff J-L.
"[10, -4, 5, -8, -8, -5, 6, -8, 6, -6]",Ruud C.,Struff J-L.,Struff J-L.
"[5, -12, 4, -14, -6, -6, 6, -5, 5, -5]",Sugita Y.,Nishikori K.,Nishikori K.
"[5, -6, 5, -8, 6, 6, -10, -6, 5, -6, -6, -4]",Sugita Y.,Shapovalov D.,Shapovalov D.
"[6, -5, -12, -4, -5, -4, 14, -4]",Sugita Y.,Rublev A.,Rublev A.
"[4, -6, 4, -6, 6, -4, 4, -4, -4, 6, 8, -5, -5]",Thiem D.,Berrettini M.,Berrettini M.
"[-6, 5, 4, -5, 6, -4, 6, -5, 4, 4]",Hurkacz H.,Thiem D.,Hurkacz H.
"[6, -8, 14, 4, 8, -8, -4, -6, 4, -6, 10, -6, 4]",Mager G.,Thiem D.,Mager G.
"[4, 6, 8, 8, 6, -5, -6, -4, 8]",Nishikori K.,Thiem D.,Nishikori K.
"[5, 10, -8, -6, -8, 5, 8, 4, -8, -5, -5, 6, 5]",Coric B.,Thiem D.,Coric B.
"[8, -5, 10, -5, 4, -4, 5, -4, 5, -6, 10, 12]",Fritz T.,Thiem D.,Fritz T.
"[5, -4, 10, -5, -6, -10, 10, -6, -5]",Hurkacz H.,Thiem D.,Hurkacz H.
"[6, -8, 4, -8, -10, -4, 5, 14, 8, -5, 5, -8, -5]",Thiem D.,Ofner S.,Ofner S.
"[8, -6, -5, -5, 6, -5, -10, -8]",Thiem D.,Rublev A.,Rublev A.
"[12, -5, 6, -4, 5, -5, 5, 12, -6, -4, 10, -8, -4]",Thiem D.,Novak D.,Thiem D.
"[10, -10, 5, -5, 8, -8, 6, -6, 4, 6]",Thiem D.,Gasquet R.,Thiem D.
"[-5, 6, 4, -5, 6, -5, 4, -6, 5, -8, 5, -8, -10]",Haas T.,Thiem D.,Thiem D.
"[5, -5, 4, -6, 5, -5, 8, 6, 4]",Thiem D.,Hampel L.,Thiem D.
"[4, -6, 6, -6, 8, 5, 4, -6, 5]",Thiem D.,Melzer J.,Thiem D.
"[5, 4, 4, -6, 8, 4, 10]",Thiem D.,Miedler L.,Thiem D.
"[-14, -4, 8, -10, 6, -5, -8, -12]",Murray A.,Thiem D.,Thiem D.
"[5, 5, 6, 5, 4, -4, 5]",Thiem D.,Neumayer L.,Thiem D.
"[6, 8, 8, -6, 14, 16, 8]",Thiem D.,Nishikori K.,Thiem D.
"[8, 5, 6, 6, 6, 5]",Thiem D.,Pichler D.,Thiem D.
"[8, -6, -8, -5, 6, -4, -5, -5]",Pichler D.,Thiem D.,Thiem D.
"[-8, -10, 5, 6, 6, -5, 5, -6, 4, -8, -5, -5]",Rublev A.,Thiem D.,Thiem D.
"[8, -6, 12, -6, 4, -8, 16, -4, 4, -5, -8, -5]",Ruud C.,Thiem D.,Thiem D.
"[5, -8, -5, -6, 5, -4, 5, -6, -8]",Schwartzman D.,Thiem D.,Thiem D.
"[6, -8, 10, -4, 5, -5, -6, -5, 6, -8]",Sinner J.,Thiem D.,Thiem D.
"[5, -5, 4, 10, 5, -5, 6, -6, 4]",Thiem D.,Sinner J.,Thiem D.
"[4, -6, 4, -6, 4, -4, 4, -6, 5, 6]",Thiem D.,Struff J-L.,Thiem D.
"[6, -6, 6, -8, 5, -8, -8, -5, 4, -5]",Tsonga J-W.,Thiem D.,Thiem D.
"[5, -8, 8, -4, 6, -5, -8, -5, -5]",Zhang Z.,Thiem D.,Thiem D.
"[5, -4, 10, -8, 10, -5, 5, -6, 4, -8, 6, 6]",Thiem D.,Zverev A.,Thiem D.
"[6, -6, -5, -10, -10, 12, 5, 6, 6, -4, 6, -6, 6]",Bautista-Agut R.,Thiem D.,Thiem D.
"[4, -4, -5, -4, 4, 6, -12, -6, -8]",Thiem D.,Berrettini M.,Thiem D.
"[6, -6, 6, -5, 5, -10, 4, -5, 4, -4, 4, -8, -5]",Thiem D.,Berrettini M.,Thiem D.
"[4, -4, 5, -5, 5, -4, 14, 4, 10]",Erler A.,Thiem D.,Thiem D.
"[6, 10, 5, -4, 6, -4, -6, 10, 6]",Federer R.,Thiem D.,Thiem D.
"[10, 6, 8, -6, -6, 6, 6, 10]",Khachanov K.,Thiem D.,Thiem D.
"[5, -5, 8, -5, -8, 12, 5, -6, 10, -6, -6, -4]",Thiem D.,Kopp S.,Thiem D.
"[5, -4, 7, -5, 6, -5, 7]",Thiem D.,Krajinovic F.,Thiem D.
"[5, -6, 5, -5, 8, 4, 5, 12]",Thiem D.,Meligeni Rodrigues Alves F.,Thiem D.
"[6, -4, 5, -10, 4, -4, 8, -6, 5, -5, 8, -5, -6]",Thiem D.,Munar J.,Thiem D.
"[5, -4, 5, -4, 8, -5, 6, -4, 5, -4, 5, -5, -5]",Raonic M.,Thiem D.,Thiem D.
"[5, 6, -8, 5, 6, 8, -5, 5]",Rodionov J.,Thiem D.,Thiem D.
"[8, -4, -4, 5, 8, 8, -6, 6, 4]",Schwartzman D.,Thiem D.,Thiem D.
"[5, -5, -5, -6, 8, -5, 10, -5, 5, -4]",Shapovalov D.,Thiem D.,Thiem D.
"[-4, 6, 6, -6, 6, -4, 5, 8, 10]",Tsitsipas S.,Thiem D.,Thiem D.
"[8, 6, 6, -4, 4, -8, 5, -4, 10]",Verdasco F.,Thiem D.,Thiem D.
"[5, 12, 5, -8, 5, -10, -5, -8, 5, 10]",Djokovic N.,Thiem D.,Djokovic N.
"[6, 5, -5, 4, -5, -6, -6, -5, -6]",Berrettini M.,Thiem D.,Thiem D.
"[6, -5, -6, 6, -4, 5, 5, 4, 8]",Zverev A.,Thiem D.,Thiem D.
"[5, -10, 5, -5, -10, -8, 6, -8, 5, -4]",Thompson J.,Thiem D.,Thiem D.
"[5, -5, 5, 10, 4, -12, 8, -4, 4]",Thompson J.,Isner J.,Isner J.
"[4, 6, 8, -8, 5, -5, 4, 5]",Thompson J.,Khachanov K.,Thompson J.
"[8, -4, 4, -8, 5, -4, 6, -4, 10, -6, 6, -5, 6]",Thompson J.,Struff J-L.,Thompson J.
"[5, -6, 4, -8, 5, 4, -6, -8, 6, -10, 5, -5, -5]",Thompson J.,Fognini F.,Fognini F.
"[6, -5, 5, -8, -5, -5, -12, -4]",Tiafoe F.,Medvedev D.,Medvedev D.
"[24, -6, 8, -8, -5, -4, 6, -5, 5, -4]",Tiafoe F.,Shapovalov D.,Shapovalov D.
"[4, -5, 5, 6, 5, -5, 8, -6, 5]",Zverev A.,Tiafoe F.,Zverev A.
"[14, -4, 14, 5, 6, -5, 4, -5, 5]",Bautista-Agut R.,Tiafoe F.,Bautista-Agut R.
"[4, -5, 5, -6, 6, -10, 5, -6, 4, -4, 5, -6, 4]",Fritz T.,Tiafoe F.,Fritz T.
"[-8, -5, 12, -4, 4, -5, 4, -4, 10, -8]",Hurkacz H.,Tiafoe F.,Hurkacz H.
"[6, -4, 6, -5, 5, -6, 5, -4, 5, -6, 5, -4, 5]",Nishikori K.,Tiafoe F.,Nishikori K.
"[5, -5, 6, 8, 5, -4, 5, -6, 4]",Wawrinka S.,Tiafoe F.,Wawrinka S.
"[5, 5, 4, -5, 4, -10, -8, -5, -6, -5]",Evans D.,Tiafoe F.,Tiafoe F.
"[5, -6, 12, -4, 4, 6, 10, -4, 6]",Tiafoe F.,Struff J-L.,Tiafoe F.
"[4, -5, 4, -16, 5, -6, -6, -10, 6, 6, -6, -5]",Dimitrov G.,Tiafoe F.,Tiafoe F.
"[12, -4, 6, 4, 5, -4, 10, -4, -6, -6, 6, -6, -4]",Auger-Aliassime F.,Travaglia S.,Auger-Aliassime F.
"[5, -6, 4, -5, 5, -4, -8, -6, 6, 6, 4, -5, -5]",Fritz T.,Travaglia S.,Travaglia S.
"[10, -5, 8, 8, -6, -5, 5, 6, 6]",Travaglia S.,Basilashvili N.,Basilashvili N.
"[4, -4, -6, -20, 4, -5, 5, -5, 8, -4]",Tsitsipas S.,Auger-Aliassime F.,Auger-Aliassime F.
"[5, 5, -6, 6, -6, 5, -5, 4, -6, 12]",Federer R.,Tsitsipas S.,Federer R.
"[5, -4, -4, -4, 6, -6, 5, -6, 5, 8, 5, -14, -5]",Tsitsipas S.,Garin C.,Garin C.
"[6, -5, 4, -5, 4, -4, 5, -5, 8, -6, 6, -5, 5]",Medvedev D.,Tsitsipas S.,Medvedev D.
"[5, -5, 6, -4, -8, 5, -14, -4, -5]",Tsitsipas S.,Nishikori K.,Nishikori K.
"[5, -5, 6, -6, 4, -5, 4, -4, 5, -8, 5, -4, -4]",Tsitsipas S.,Shapovalov D.,Shapovalov D.
"[5, -6, -6, -4, 4, -4, -8, -5]",Tsitsipas S.,Nadal R.,Nadal R.
"[6, -5, 4, -5, 8, -8, 10, -8, 4, -5, -5, -5]",Tsitsipas S.,Raonic M.,Raonic M.
"[5, -4, -8, -4, 5, -12, 5, -5, 4, -4]",Tsitsipas S.,Hurkacz H.,Hurkacz H.
"[4, -4, 4, -5, 5, -5, 4, -5, 5, -4, 12, -4, 4]",Tsitsipas S.,Kyrgios N.,Kyrgios N.
"[6, -8, 5, -8, 4, -10, 5, -4, -8, 8, 4, -6, 4]",Tsitsipas S.,Nadal R.,Nadal R.
"[6, -6, 14, -4, 6, -5, -10, -8, 6, -8]",Shapovalov D.,Tsitsipas S.,Shapovalov D.
"[8, 10, -8, 4, -4, 8, -5, 6, -5, 5]",Rublev A.,Tsitsipas S.,Rublev A.
"[4, -8, 5, -5, 6, -5, 6, -4, 6, -5, 5, -5, 8]",Tsitsipas S.,Berrettini M.,Tsitsipas S.
"[10, 6, 5, -4, 8, -6, 10, -4, 22]",Tsitsipas S.,Federer R.,Tsitsipas S.
"[5, -5, 8, -5, 8, -5, 4, 10, 18]",Tsitsipas S.,Fognini F.,Tsitsipas S.
"[5, -12, -5, 5, 6, -4, 5, -10, 4, -4, 4, 4]",Tsitsipas S.,Paire B.,Tsitsipas S.
"[5, -4, 4, -5, 4, 5, 4, -6, 5]",Tsitsipas S.,Ramos A.,Tsitsipas S.
"[5, 6, 5, -4, 5, -12, 8, -4, 5]",Tsitsipas S.,Rublev A.,Tsitsipas S.
"[6, -5, 4, -8, 14, -4, 5, 5, 5]",Tsitsipas S.,Zverev A.,Tsitsipas S.
"[8, 4, -10, 5, -4, -9, -5, 4, 6, -4, 6, -4]",Zverev A.,Tsitsipas S.,Tsitsipas S.
"[5, -6, -6, 6, 4, -5, 8, -8, 4, -8, 4, -4, -8]",Tsitsipas S.,Berankis R.,Tsitsipas S.
"[-6, -6, 4, -4, 5, -5, -6, -4]",Fritz T.,Tsitsipas S.,Tsitsipas S.
"[4, -4, 5, -6, -6, -5, 5, -6, -12]",Tsitsipas S.,Krajinovic F.,Tsitsipas S.
"[4, -4, 6, -8, 5, -6, 10, -8, 5, -5, 6, -8, -5]",Tsitsipas S.,Thiem D.,Tsitsipas S.
"[5, 6, 5, 8, 6, 4]",Tsitsipas S.,Caruso S.,Tsitsipas S.
"[4, -5, 6, 5, 5, -8, 4, -5, 10]",Tsitsipas S.,Basilashvili N.,Tsitsipas S.
"[14, -5, 5, -4, 4, -8, 4, -8, 4, -5, 5, -5, -4]",Tsitsipas S.,Federer R.,Tsitsipas S.
"[5, -4, 6, -4, 6, -6, 4, -6, 5, -5, 4, -4, -6]",Tsonga J-W.,Nadal R.,Nadal R.
"[8, 8, 4, -6, -6, -5, 6, -6, 5, 10]",Tsonga J-W.,Berrettini M.,Tsonga J-W.
"[5, -8, 6, -5, 6, -5, 5, -4, 4, 8]",Tsonga J-W.,Khachanov K.,Tsonga J-W.
"[4, -5, 4, 6, 5, -6, 5, 8]",Uchiyama Y.,Paire B.,Uchiyama Y.
"[5, -4, 6, -6, 4, -8, 6, -4, 4, -6, 4, -4, 4]",Vanni L.,Carreno-Busta P.,Carreno-Busta P.
"[8, 10, 6, 4, -10, 5, -4, 5]",Zverev A.,Verdasco F.,Zverev A.
"[4, -4, 6, 6, 5, -6, 4, -6, 6]",Federer R.,Verdasco F.,Federer R.
"[4, -14, 8, 6, -5, -6, 6, -4, 8, -4, 5, -8, -6]",Verdasco F.,Fritz T.,Fritz T.
"[5, 6, 8, -4, 6, -10, 8, -4, 8]",Garin C.,Verdasco F.,Garin C.
"[6, -4, 6, -8, 6, 8, 4, -6, 5]",Verdasco F.,Krajinovic F.,Krajinovic F.
"[6, -8, 8, -6, 5, -4, 6, -10, 14, -6, 6, 6]",Verdasco F.,Krajinovic F.,Verdasco F.
"[8, -4, 4, -5, 4, -5, 5, -4, 5, 6]",Vilella M. M.,Khachanov K.,Khachanov K.
"[-6, 12, 5, 12, -10, 6, -6, -5, -5, -6]",Garin C.,Vukic A.,Garin C.
"[14, 5, -10, 12, -4, 5, -5, 8, -8, 6]",Bautista-Agut R.,Wawrinka S.,Bautista-Agut R.
"[4, 4, -6, 6, -5, -8, 5, 8, -6, 6]",Dimitrov G.,Wawrinka S.,Dimitrov G.
"[5, -6, 6, -10, 6, 4, 5, -5, 5]",Federer R.,Wawrinka S.,Federer R.
"[6, -10, -6, -5, 4, -6, 5, -8, 4, -6]",Wawrinka S.,Nadal R.,Nadal R.
"[5, -6, 6, -6, 5, -10, -4, -5, 5, -6]",Wawrinka S.,Rublev A.,Rublev A.
"[8, -6, 6, 8, 10, -8, -6, -5, 8, -5, 5, 4]",Wawrinka S.,Krajinovic F.,Krajinovic F.
"[6, -5, -6, -4, 10, -6, 4, -8, -6]",Wawrinka S.,Monfils G.,Monfils G.
"[8, -5, 6, 5, 5, -5, 5, -4, 4]",Wawrinka S.,Moutet C.,Moutet C.
"[5, 10, 10, -4, 5, -4, 5, -8, 6]",Wawrinka S.,Murray A.,Murray A.
"[5, 10, -5, 10, -5, 10, -5, 6, -6, -6, -6, 6, 4]",Medvedev D.,Wawrinka S.,Medvedev D.
"[5, -14, 5, -6, 4, -6, 4, -10, 6, -4, 6, -6, -4]",Raonic M.,Wawrinka S.,Raonic M.
"[5, 6, 5, 6, 4, -6, 5]",Wawrinka S.,Zverev A.,Zverev A.
"[5, -5, 12, -4, 6, 5, 5, -5, 6]",Wawrinka S.,Bedene A.,Wawrinka S.
"[8, 6, 10, -10, 5, -4, 5, -6, 8]",Wawrinka S.,Chardy J.,Wawrinka S.
"[5, -8, 5, -5, 6, -12, 8, -6, 5, -5, 4, -4, -4]",Cilic M.,Wawrinka S.,Wawrinka S.
"[4, -6, -20, -4, 5, -6, 6, -5, 8, -5]",Dimitrov G.,Wawrinka S.,Wawrinka S.
"[6, -10, 4, -4, 4, -4, 6, -4, 12, -4, 6, -6, 5]",Wawrinka S.,Johnson S.,Wawrinka S.
"[4, -6, 5, 5, 6, -12, -6, -6, 6, 6]",Wawrinka S.,Martinez P.,Wawrinka S.
"[4, -4, 8, -4, 6, -6, 4, -4, -6, -6]",Shapovalov D.,Wawrinka S.,Wawrinka S.
"[8, -6, 4, -6, 4, -5, 5, -5, 14, -8, 5, -5, -4]",Wawrinka S.,Lopez F.,Wawrinka S.
"[-4, -5, 4, -8, 5, -4, 5, -5, -6]",Simon G.,Wawrinka S.,Wawrinka S.
"[5, -6, 4, -4, 5, 5, 8, -8, 8]",Wawrinka S.,Tiafoe F.,Wawrinka S.
"[6, -5, 5, -8, 5, 6, -6, -6, 12, 4]",Wawrinka S.,Lorenzi P.,Wawrinka S.
"[5, -4, 6, -6, 6, -5, 6, -4, 8, 4]",Wawrinka S.,Chardy J.,Wawrinka S.
"[6, -5, 6, -6, 4, 6, 20, -5, 6]",Wawrinka S.,Sinner J.,Wawrinka S.
"[6, -6, -5, 5, 5, -6, 5, 4, 6]",Wu Y.,Nishikori K.,Nishikori K.
"[4, -4, 6, -4, 30, -5, -5, -6, -16]",Wu D.,Coric B.,Coric B.
"[5, -4, 5, -6, 10, 6, 5, 12]",Hurkacz H.,Ymer M.,Hurkacz H.
"[5, 10, 5, -4, 5, 4, 24]",Krajinovic F.,Ymer M.,Krajinovic F.
"[4, 6, 8, -6, 5, 6, 4]",Tsitsipas S.,Ymer M.,Tsitsipas S.
"[8, -5, -8, 8, -12, -5, -6, -10]",Ymer M.,Khachanov K.,Khachanov K.
"[-6, 8, 16, -6, 6, 6, 5, -4, 6]",Hurkacz H.,Young D.,Hurkacz H.
"[6, -8, 4, -8, 5, -5, 4, 8, 5]",Carreno-Busta P.,Zhang Z.,Carreno-Busta P.
"[4, -5, 4, -4, 4, -8, 5, -12, 5, 5]",Federer R.,Zverev A.,Federer R.
"[5, 8, -6, 12, -6, 5, 10, 4]",Shapovalov D.,Zverev A.,Shapovalov D.
"[8, -5, 5, -8, 4, 8, 5, -6, 14]",Struff J-L.,Zverev A.,Struff J-L.
"[5, -8, 5, 6, 5, 12, 4]",Tsitsipas S.,Zverev A.,Tsitsipas S.
"[-6, 14, 6, 6, 5, 14, 4]",Raonic M.,Zverev A.,Raonic M.
"[-6, -4, 10, -6, 5, -5, -10, 6, 10, -14]",De Minaur A.,Zverev A.,De Minaur A.
"[8, -4, 4, -5, 6, -5, 5, -5, 6, -4, 4, -4, -4]",Isner J.,Zverev A.,Isner J.
"[6, -4, 5, 8, -6, -4, 5, -5, -8, 5, 6, -6, -6]",Kecmanovic M.,Zverev A.,Kecmanovic M.
"[6, -5, -5, -6, -6, -5, 6, -8]",Zverev A.,Shapovalov D.,Shapovalov D.
"[6, 10, -10, -10, -8, -6, -6, 4, -8]",Schwartzman D.,Zverev A.,Schwartzman D.
"[-5, -5, 6, 6, 5, -6, 5, -5, 6, -5, 5, -4, 5]",Chardy J.,Zverev A.,Zverev A.
"[12, 8, 5, 10, 5, 10]",Zverev A.,Rublev A.,Zverev A.
"[6, -6, -6, -10, 5, -4, 5, -5, 6, -8]",Schwartzman D.,Zverev A.,Zverev A.
"[8, -4, 5, 8, 4, 10, 4]",Zverev A.,Verdasco F.,Zverev A.
"[6, -6, 4, -6, 4, 6, 5, -6, 4]",Zverev A.,Federer R.,Zverev A.
"[4, -6, 8, -4, 6, -5, -6, -4, 4, -5]",Raonic M.,Zverev A.,Zverev A.
"[-8, -5, 5, -6, 4, 6, -8, -4, -6]",Bolt A.,Zverev A.,Zverev A.
"[4, 6, 4, -6, 4, -10, 10, -12, -4, -5, 4, -4, -6]",Zverev A.,Bedene A.,Zverev A.
"[-8, -6, 6, -8, -10, -5, -4]",Albot R.,Zverev A.,Zverev A.
"[4, 4, 6, -6, 10, -4, 4, -5, 6]",Zverev A.,Tiafoe F.,Zverev A.
